,Player,Position,BTklInt,CTkl,BClr,BSh,BPass,TCmp,LCmp,LAtt,LPrgP,LFTP,CaPrgC,Def_3rd,Mid_3rd,Att_3rd,Live,PrgC,PrgP,90s,ADWonp,ADWon
0,James Abankwah,centre-back,1,0,5,2,2,23,2,5,0,0,0,26,13,0,39,0,0,0.7,100.0,2
1,Yunis Abdelhamid,centre-back,146,39,116,27,38,1679,155,279,215,155,40,1088,1275,123,2459,40,215,37.0,64.58333333333334,93
2,Francesco Acerbi,centre-back,74,20,85,18,7,1455,149,202,100,86,39,858,880,167,1890,39,100,26.9,65.0,78
3,Tosin Adarabioyo,centre-back,56,16,140,15,5,1066,136,223,95,96,16,776,732,46,1544,16,95,23.2,69.41176470588235,59
4,Emmanuel Agbadou,centre-back,103,42,107,14,16,1281,202,284,131,112,15,851,877,87,1798,15,131,26.5,62.5,60
5,Nayef Aguerd,centre-back,45,13,79,24,2,599,82,169,25,37,2,563,358,35,949,2,25,17.7,50.79365079365079,32
6,Joseph Aidoo,centre-back,82,16,150,14,12,1525,163,244,95,83,15,1114,938,46,2082,15,95,34.7,50.0,63
7,Emanuel Aiwum,centre-back,80,33,52,16,12,646,40,97,46,48,19,506,452,51,997,19,46,18.4,62.22222222222222,28
8,Kristoffer Ajer,centre-back,18,9,22,5,1,259,23,40,31,20,10,184,167,64,412,10,31,8.5,57.692307692307686,15
9,Manuel Akanji,centre-back,52,23,33,9,18,1912,117,166,116,140,24,815,1248,176,2231,24,116,25.4,40.35087719298245,23
10,Nathan Aké,centre-back,46,11,48,10,10,1639,63,98,140,165,25,615,1097,256,1959,25,140,20.8,61.01694915254237,36
11,Kevin Akpoguma,centre-back,99,32,70,16,29,814,83,162,85,83,17,613,609,93,1306,17,85,21.7,55.88235294117647,57
12,David Alaba,centre-back,29,9,37,9,9,1042,53,99,67,68,16,531,530,240,1293,16,67,20.4,57.89473684210527,11
13,Raúl Albiol,centre-back,39,14,111,13,4,1303,215,287,100,98,12,856,796,44,1687,12,100,23.5,60.31746031746032,38
14,Omar Alderete,centre-back,61,28,85,16,7,509,94,268,96,69,28,458,591,81,1114,28,96,22.7,66.30434782608695,61
15,Gastón Álvarez,centre-back,53,23,35,5,10,350,30,103,38,27,11,218,376,144,732,11,38,16.7,50.0,31
16,Yeray Álvarez,centre-back,82,24,101,13,10,1123,163,287,152,137,32,698,896,74,1651,32,152,25.9,58.51063829787234,55
17,Daniel Amartey,centre-back,27,12,71,17,7,1015,62,91,66,58,23,658,578,46,1279,23,66,17.9,56.66666666666666,34
18,Bruno Amione,centre-back,76,20,66,11,16,832,59,119,54,38,11,732,483,83,1283,11,54,23.8,61.60714285714286,69
19,Ethan Ampadu,centre-back,102,17,98,23,25,1254,134,253,125,106,28,930,841,140,1889,28,125,29.3,60.3960396039604,61
20,Joachim Andersen,centre-back,66,16,188,13,15,1561,281,534,105,153,16,1232,996,89,2303,16,105,30.9,71.900826446281,87
21,Waldemar Anton,centre-back,87,27,123,16,28,1629,167,324,135,112,56,1128,1083,249,2435,56,135,32.6,52.38095238095239,55
22,Josep Antoni Gayá,centre-back,1,0,6,2,2,6,0,0,0,0,0,15,3,1,19,0,0,1.1,50.0,1
23,Valentin Antov,centre-back,10,1,14,4,1,201,19,30,14,12,2,127,121,19,267,2,14,3.4,35.294117647058826,6
24,Ronald Araújo,centre-back,38,6,41,7,8,1139,110,174,79,95,29,487,882,77,1437,29,79,20.0,63.013698630136986,46
25,Cédric Avinel,centre-back,28,8,91,13,7,607,71,108,31,13,3,508,369,5,876,3,31,19.9,71.69811320754717,38
26,Kaan Ayhan,centre-back,15,7,26,4,1,288,48,72,15,20,8,198,182,6,385,8,15,6.1,22.22222222222222,2
27,Srđan Babić,centre-back,57,15,124,22,12,1172,142,223,63,55,21,976,633,43,1640,21,63,33.3,60.68376068376068,71
28,Loïc Bade,centre-back,52,17,80,13,8,787,73,118,45,42,7,607,462,36,1097,7,45,17.1,55.38461538461539,36
29,Benoît Badiashile,centre-back,57,14,74,8,3,1172,118,83,95,93,14,709,782,38,1513,14,95,19.4,72.72727272727273,56
30,Eric Bailly,centre-back,25,7,18,12,3,231,38,45,12,17,4,159,181,20,357,4,12,6.0,50.0,15
31,Dénys Bain,centre-back,6,1,4,1,1,52,2,2,3,1,0,42,28,0,70,0,3,1.4,75.0,3
32,Leonardo Balerdi,centre-back,120,32,91,29,19,1389,189,262,97,105,15,869,1027,113,1997,15,97,29.3,63.06306306306306,70
33,Federico Baschirotto,centre-back,76,22,192,29,16,1049,170,350,107,86,12,968,771,96,1823,12,107,37.0,58.70967741935483,91
34,Alessandro Bastoni,centre-back,65,11,45,13,14,1384,207,324,141,130,47,796,821,250,1857,47,141,24.0,62.903225806451616,39
35,Maximilian Bauer,centre-back,54,17,79,9,16,551,74,178,40,30,11,590,362,36,982,11,40,20.5,58.19672131147541,71
36,Timo Baumgartl,centre-back,13,5,14,4,8,257,26,63,28,20,4,160,187,26,372,4,28,6.2,65.51724137931035,19
37,Rodrigo Becão,centre-back,96,40,68,24,20,1089,128,239,98,77,19,805,701,172,1667,19,98,27.6,69.23076923076923,63
38,Mads Bech Sørensen,centre-back,1,0,1,0,0,7,1,4,1,2,0,4,8,2,14,0,1,0.2,100.0,1
39,Jan Bednarek,centre-back,81,13,92,28,13,813,82,136,50,37,9,674,500,38,1206,9,50,19.7,71.42857142857143,40
40,Stefan Bell,centre-back,87,22,133,15,27,945,124,260,92,67,9,849,653,59,1551,9,92,26.6,61.30952380952381,103
41,Armel Bella Kotchap,centre-back,81,15,110,12,17,749,67,159,39,32,9,654,519,46,1211,9,39,20.9,58.82352941176471,40
42,Jeanöel Belocian,centre-back,16,5,11,3,3,274,13,19,21,13,8,123,191,41,353,8,21,5.6,77.77777777777779,7
43,Owen Bevan,centre-back,0,0,0,0,0,2,0,0,0,0,0,3,0,0,3,0,0,0.1,0.0,0
44,Matteo Bianchetti,centre-back,52,20,111,17,14,729,79,171,47,49,6,692,447,37,1169,6,47,23.7,61.16504854368932,63
45,Ermin Bičakčić,centre-back,13,2,14,3,1,68,9,19,7,6,0,76,43,18,137,0,7,2.9,45.0,9
46,Pedro Bigas,centre-back,70,18,95,14,11,843,100,200,83,63,19,681,569,63,1302,19,83,22.4,68.85245901639344,42
47,Jaka Bijol,centre-back,68,16,165,25,16,1170,155,253,66,54,3,1068,612,53,1729,3,66,30.3,64.92537313432835,87
48,Jean-Claude Billong,centre-back,1,0,0,1,0,33,2,3,4,0,0,10,24,1,35,0,4,0.3,50.0,2
49,Miha Blažič,centre-back,30,7,80,19,6,1034,138,208,64,42,0,696,640,12,1346,0,64,22.0,69.84126984126983,44
50,Daley Blind,centre-back,4,0,6,2,2,87,7,9,10,8,0,44,65,9,117,0,10,1.5,66.66666666666666,2
51,Jérôme Boateng,centre-back,9,2,16,5,3,179,21,39,6,7,0,138,122,1,261,0,6,4.8,87.5,7
52,Willy Boly,centre-back,25,8,45,4,9,194,20,47,12,8,1,239,101,15,353,1,12,7.6,62.5,15
53,Kevin Bonifazi,centre-back,25,6,39,8,3,643,81,116,33,36,4,448,364,22,828,4,33,10.0,32.0,8
54,Leonardo Bonucci,centre-back,18,2,29,8,4,508,71,106,28,35,2,326,326,10,657,2,28,9.8,46.51162790697674,20
55,Sebastiaan Bornauw,centre-back,60,16,83,12,15,1062,86,147,85,67,6,693,695,54,1433,6,85,21.4,57.95454545454546,51
56,Sven Botman,centre-back,72,22,126,24,20,1527,178,258,87,59,8,1188,801,95,2074,8,87,34.7,65.21739130434783,75
57,Franci Bouebari,centre-back,5,3,2,0,0,13,0,2,0,0,0,13,12,11,36,0,0,0.8,50.0,1
58,Juan Brandáriz,centre-back,44,14,53,7,13,664,47,96,32,35,13,519,363,93,970,13,32,16.5,47.82608695652174,11
59,Lilian Brassier,centre-back,95,23,132,19,23,1257,203,382,111,98,20,951,869,177,1973,20,111,34.4,62.24489795918368,61
60,Gleison Bremer,centre-back,71,19,120,22,22,1503,160,217,54,38,8,1100,827,76,1994,8,54,29.3,61.240310077519375,79
61,Dylan Bronn,centre-back,54,20,58,20,12,855,82,137,70,62,10,562,590,48,1196,10,70,18.7,59.64912280701754,34
62,John Brooks,centre-back,28,13,105,12,5,624,78,141,40,25,2,556,393,11,951,2,40,15.0,68.08510638297872,64
63,Lewis Brunt,centre-back,0,0,2,0,0,17,0,1,0,0,0,8,12,3,23,0,0,0.3,0.0,0
64,Santiago Bueno,centre-back,94,24,105,22,12,1576,173,279,148,148,30,1016,1038,54,2098,30,148,33.4,64.34782608695652,74
65,Alessandro Buongiorno,centre-back,98,16,105,19,19,1332,57,113,81,70,13,860,976,110,1938,13,81,30.2,65.56291390728477,99
66,Dan Burn,centre-back,92,34,120,16,26,1361,94,183,118,102,29,786,940,358,2073,29,118,34.6,69.42148760330579,84
67,Juan Cabal,centre-back,23,7,12,5,3,166,20,46,17,15,4,134,136,16,279,4,17,4.9,54.54545454545454,18
68,Leandro Cabrera,centre-back,89,28,114,23,14,959,137,314,95,87,13,723,802,125,1642,13,95,29.7,62.62626262626263,62
69,Cala,centre-back,3,1,12,1,1,30,12,16,2,0,0,37,21,1,59,0,2,1.5,42.85714285714285,3
70,Mattia Caldara,centre-back,40,9,88,16,7,461,45,93,35,23,5,450,304,46,791,5,35,13.9,59.32203389830508,35
71,Luca Caldirola,centre-back,51,13,66,18,14,1262,109,179,63,55,12,891,674,75,1636,12,63,26.1,51.51515151515152,34
72,Fernando Calero,centre-back,59,21,52,13,18,617,78,139,64,58,9,377,499,77,944,9,64,17.9,54.6875,35
73,Duje Ćaleta-Car,centre-back,29,6,66,11,4,482,53,93,33,26,5,418,269,15,698,5,33,10.6,60.60606060606061,20
74,Alexander Callens,centre-back,4,3,9,1,2,78,1,2,6,5,5,53,53,5,111,5,6,1.3,0.0,0
75,Ousmane Camara,centre-back,1,0,0,0,0,7,1,2,2,1,2,0,3,8,11,2,2,0.3,0.0,0
76,Ousmane Camara,centre-back,1,0,0,0,0,7,1,2,2,1,2,0,3,8,11,2,2,0.3,71.42857142857143,10
77,Ousmane Camara,centre-back,1,0,0,0,0,7,1,2,2,1,2,0,3,8,11,3,16,5.8,0.0,0
78,Ousmane Camara,centre-back,1,0,0,0,0,7,1,2,2,1,2,0,3,8,11,3,16,5.8,71.42857142857143,10
79,Ousmane Camara,centre-back,1,0,0,0,0,7,1,2,2,1,3,190,230,3,416,2,2,0.3,0.0,0
80,Ousmane Camara,centre-back,1,0,0,0,0,7,1,2,2,1,3,190,230,3,416,2,2,0.3,71.42857142857143,10
81,Ousmane Camara,centre-back,1,0,0,0,0,7,1,2,2,1,3,190,230,3,416,3,16,5.8,0.0,0
82,Ousmane Camara,centre-back,1,0,0,0,0,7,1,2,2,1,3,190,230,3,416,3,16,5.8,71.42857142857143,10
83,Ousmane Camara,centre-back,1,0,0,0,0,330,39,49,16,12,2,0,3,8,11,2,2,0.3,0.0,0
84,Ousmane Camara,centre-back,1,0,0,0,0,330,39,49,16,12,2,0,3,8,11,2,2,0.3,71.42857142857143,10
85,Ousmane Camara,centre-back,1,0,0,0,0,330,39,49,16,12,2,0,3,8,11,3,16,5.8,0.0,0
86,Ousmane Camara,centre-back,1,0,0,0,0,330,39,49,16,12,2,0,3,8,11,3,16,5.8,71.42857142857143,10
87,Ousmane Camara,centre-back,1,0,0,0,0,330,39,49,16,12,3,190,230,3,416,2,2,0.3,0.0,0
88,Ousmane Camara,centre-back,1,0,0,0,0,330,39,49,16,12,3,190,230,3,416,2,2,0.3,71.42857142857143,10
89,Ousmane Camara,centre-back,1,0,0,0,0,330,39,49,16,12,3,190,230,3,416,3,16,5.8,0.0,0
90,Ousmane Camara,centre-back,1,0,0,0,0,330,39,49,16,12,3,190,230,3,416,3,16,5.8,71.42857142857143,10
91,Ousmane Camara,centre-back,21,5,15,2,2,7,1,2,2,1,2,0,3,8,11,2,2,0.3,0.0,0
92,Ousmane Camara,centre-back,21,5,15,2,2,7,1,2,2,1,2,0,3,8,11,2,2,0.3,71.42857142857143,10
93,Ousmane Camara,centre-back,21,5,15,2,2,7,1,2,2,1,2,0,3,8,11,3,16,5.8,0.0,0
94,Ousmane Camara,centre-back,21,5,15,2,2,7,1,2,2,1,2,0,3,8,11,3,16,5.8,71.42857142857143,10
95,Ousmane Camara,centre-back,21,5,15,2,2,7,1,2,2,1,3,190,230,3,416,2,2,0.3,0.0,0
96,Ousmane Camara,centre-back,21,5,15,2,2,7,1,2,2,1,3,190,230,3,416,2,2,0.3,71.42857142857143,10
97,Ousmane Camara,centre-back,21,5,15,2,2,7,1,2,2,1,3,190,230,3,416,3,16,5.8,0.0,0
98,Ousmane Camara,centre-back,21,5,15,2,2,7,1,2,2,1,3,190,230,3,416,3,16,5.8,71.42857142857143,10
99,Ousmane Camara,centre-back,21,5,15,2,2,330,39,49,16,12,2,0,3,8,11,2,2,0.3,0.0,0
100,Ousmane Camara,centre-back,21,5,15,2,2,330,39,49,16,12,2,0,3,8,11,2,2,0.3,71.42857142857143,10
101,Ousmane Camara,centre-back,21,5,15,2,2,330,39,49,16,12,2,0,3,8,11,3,16,5.8,0.0,0
102,Ousmane Camara,centre-back,21,5,15,2,2,330,39,49,16,12,2,0,3,8,11,3,16,5.8,71.42857142857143,10
103,Ousmane Camara,centre-back,21,5,15,2,2,330,39,49,16,12,3,190,230,3,416,2,2,0.3,0.0,0
104,Ousmane Camara,centre-back,21,5,15,2,2,330,39,49,16,12,3,190,230,3,416,2,2,0.3,71.42857142857143,10
105,Ousmane Camara,centre-back,21,5,15,2,2,330,39,49,16,12,3,190,230,3,416,3,16,5.8,0.0,0
106,Ousmane Camara,centre-back,21,5,15,2,2,330,39,49,16,12,3,190,230,3,416,3,16,5.8,71.42857142857143,10
107,Andrea Carboni,centre-back,6,2,2,2,1,69,7,14,9,3,4,41,43,20,104,4,9,1.9,0.0,0
108,Diego Carlos,centre-back,2,0,2,2,0,112,17,28,11,9,1,54,94,11,156,1,11,2.3,66.66666666666666,6
109,Nicolò Casale,centre-back,59,22,73,17,8,1485,142,169,70,55,11,871,917,27,1803,11,70,27.1,62.5,45
110,Jean-Charles Castelletto,centre-back,101,22,90,22,13,1130,113,199,120,103,19,691,876,89,1650,19,120,28.5,64.70588235294117,77
111,Catena,centre-back,57,13,159,25,7,1505,361,538,119,134,8,1160,930,41,2120,8,119,34.5,68.37606837606837,80
112,Maximiliano Caufriez,centre-back,74,20,70,18,15,996,102,140,92,67,33,688,595,93,1367,33,92,24.7,57.14285714285714,20
113,Pietro Ceccaroni,centre-back,3,0,2,1,0,10,2,4,0,0,0,9,10,3,22,0,0,0.5,0.0,0
114,Federico Ceccherini,centre-back,44,13,55,10,7,479,52,98,53,43,25,308,386,96,780,25,53,15.7,63.82978723404256,30
115,Florian Chabrolle,centre-back,13,2,2,0,3,120,4,9,14,7,1,20,113,39,170,1,14,3.7,25.0,1
116,Fares Chaïbi,centre-back,50,17,36,5,33,742,56,121,101,68,71,194,606,531,1314,71,101,26.0,37.5,30
117,Muhammed Cham,centre-back,37,13,5,0,13,813,71,130,106,62,71,148,614,527,1266,71,106,21.9,31.57894736842105,6
118,Calum Chambers,centre-back,16,6,10,4,1,157,14,31,16,9,6,119,96,32,245,6,16,3.9,33.33333333333333,3
119,Brendan Chardonnet,centre-back,108,20,86,19,21,1060,201,338,80,96,9,836,707,55,1587,9,80,27.7,68.65671641791045,92
120,Pape Cheikh Diop,centre-back,0,0,0,0,0,14,0,2,1,1,0,7,13,0,20,0,1,0.4,0.0,0
121,Fabio Chiarodia,centre-back,2,0,4,0,1,15,4,5,4,3,0,16,11,2,29,0,4,0.7,50.0,1
122,Vlad Chiricheș,centre-back,57,16,44,23,13,344,41,68,18,17,2,358,194,6,554,2,18,10.9,45.0,18
123,Andreas Christensen,centre-back,41,10,47,12,2,1416,113,142,91,114,18,645,962,50,1652,18,91,19.6,68.85245901639344,42
124,Víctor Chust,centre-back,19,4,53,3,5,364,78,113,22,22,4,291,237,13,533,4,22,10.7,48.48484848484848,16
125,Souleymane Cissé,centre-back,2,1,2,1,0,8,0,0,0,0,0,11,6,2,19,0,0,0.4,100.0,1
126,Conor Coady,centre-back,28,7,88,17,4,1025,155,267,43,73,4,795,547,29,1363,4,43,23.3,51.02040816326531,25
127,Alexandre Coeff,centre-back,18,4,35,4,5,287,44,68,26,19,3,224,176,31,428,3,26,6.5,46.15384615384615,6
128,Omar Colley,centre-back,39,9,69,5,4,615,58,96,33,38,3,451,390,20,860,3,33,15.4,47.368421052631575,27
129,Nathan Collins,centre-back,48,15,84,28,7,1001,114,168,64,68,11,801,500,45,1339,11,64,20.2,54.41176470588235,37
130,Levi Colwill,centre-back,23,4,37,3,2,1027,75,106,70,78,16,569,646,51,1263,16,70,13.6,71.42857142857143,45
131,Eray Cömert,centre-back,64,17,76,8,15,815,113,170,54,48,6,598,510,33,1129,6,54,18.6,58.66666666666666,44
132,Steve Cook,centre-back,20,5,51,11,5,369,51,91,19,18,1,321,220,19,559,1,19,10.6,72.97297297297297,27
133,Liam Cooper,centre-back,72,23,57,8,8,620,52,117,47,49,3,499,440,37,970,3,47,15.8,63.63636363636363,56
134,Copete,centre-back,97,26,111,17,21,668,106,199,58,61,14,575,538,67,1166,14,58,24.5,70.9090909090909,39
135,Diego Coppola,centre-back,39,11,38,6,14,403,32,83,42,30,9,337,302,61,693,9,42,13.1,58.0246913580247,47
136,Logan Costa,centre-back,13,6,12,3,3,194,31,44,18,15,5,150,119,15,280,5,18,4.6,62.5,5
137,Soumaïla Coulibaly,centre-back,0,0,0,0,0,45,0,0,6,3,0,7,40,1,48,0,6,0.5,100.0,1
138,Jorge Cuenca,centre-back,15,4,44,8,2,334,28,51,26,21,7,232,219,10,461,7,26,5.6,68.18181818181817,15
139,Danilo D'Ambrosio,centre-back,35,15,17,4,8,493,26,51,34,26,8,303,269,64,635,8,34,8.1,47.05882352941176,8
140,Damien Da Silva,centre-back,13,3,12,3,1,217,25,35,18,14,2,105,166,25,295,2,18,3.8,63.1578947368421,12
141,Flavius Daniliuc,centre-back,88,27,77,14,20,1026,104,157,74,57,16,780,600,78,1445,16,74,25.4,58.82352941176471,40
142,Kevin Danso,centre-back,70,19,124,34,14,2103,187,257,163,157,34,1036,1566,105,2686,34,163,35.9,71.9298245614035,82
143,Dante,centre-back,117,36,125,31,21,2376,257,388,160,154,12,1427,1505,75,2991,12,160,36.7,72.54901960784314,74
144,Márton Dárdai,centre-back,28,9,45,9,5,225,38,115,21,19,2,257,217,18,485,2,21,10.5,50.0,17
145,Achraf Dari,centre-back,40,14,65,10,6,547,106,183,33,25,3,480,356,16,846,3,33,14.6,59.32203389830508,35
146,Paweł Dawidowicz,centre-back,71,22,71,9,5,613,69,146,60,47,20,484,450,96,1019,20,60,18.1,61.42857142857143,43
147,Craig Dawson,centre-back,37,4,100,29,11,1025,170,272,62,76,5,830,579,60,1464,5,62,23.7,52.74725274725275,48
148,Koni De Winter,centre-back,20,5,65,12,2,424,31,58,22,15,2,405,207,6,614,2,22,11.4,59.25925925925925,16
149,Merih Demiral,centre-back,65,26,57,7,17,560,54,85,26,14,3,495,319,28,832,3,26,17.1,64.19753086419753,52
150,Sepp van den Berg,centre-back,18,1,33,5,3,277,35,61,12,16,1,250,152,19,419,1,12,7.7,48.27586206896552,14
151,Kastriot Dermaku,centre-back,0,0,0,0,0,1,0,0,0,0,0,0,2,0,2,0,0,0.4,0.0,0
152,Mouctar Diakhaby,centre-back,50,13,111,17,13,971,131,221,86,76,19,711,659,90,1452,19,86,27.2,54.54545454545454,48
153,Bafodé Diakité,centre-back,71,32,58,8,29,1728,80,118,179,139,43,545,1252,411,2189,43,179,29.5,50.0,41
154,Abdou Diallo,centre-back,14,1,22,5,3,323,36,60,24,25,11,203,216,27,443,11,24,5.3,52.17391304347826,12
155,Rúben Dias,centre-back,39,11,56,13,8,1928,143,203,98,135,14,881,1280,83,2237,14,98,22.2,61.11111111111112,44
156,Eric Dier,centre-back,65,9,112,24,17,1708,179,317,87,76,9,1333,866,84,2274,9,87,31.3,69.56521739130434,80
157,Federico Dimarco,centre-back,49,9,20,4,11,925,129,268,88,67,45,312,552,600,1451,45,88,23.0,29.411764705882355,5
158,Sinaly Diomande,centre-back,91,31,75,13,13,1257,101,161,108,96,10,693,902,120,1711,10,108,21.7,69.1358024691358,56
159,Issa Diop,centre-back,63,17,86,17,7,1216,112,189,70,69,13,828,762,28,1606,13,70,22.4,57.89473684210527,33
160,Axel Disasi,centre-back,86,13,112,31,20,1630,203,330,206,211,64,832,1326,161,2292,64,206,37.0,70.28985507246377,97
161,Tiago Djaló,centre-back,54,13,60,11,6,1481,119,152,70,72,9,763,976,57,1780,9,70,22.4,47.45762711864407,28
162,Djené,centre-back,83,22,81,10,15,884,96,206,77,72,11,599,716,120,1418,11,77,31.6,63.85542168674698,53
163,Koffi Djidji,centre-back,84,18,72,14,15,1249,101,171,83,81,11,754,844,90,1678,11,83,26.9,48.45360824742268,47
164,Alexander Djiku,centre-back,119,26,151,19,26,1215,190,303,136,117,4,878,932,74,1873,4,136,29.7,72.44094488188976,92
165,Berat Djimsiti,centre-back,70,17,74,7,10,953,68,109,45,48,7,647,587,64,1294,7,45,20.0,58.415841584158414,59
166,Danilho Doekhi,centre-back,67,14,93,12,15,756,65,128,73,69,15,563,553,99,1209,15,73,24.6,55.45454545454545,61
167,Carlos Dominguez,centre-back,1,1,7,1,0,28,2,5,2,1,0,32,15,1,46,0,2,1.2,100.0,1
168,Gabriel Dos Santos,centre-back,80,18,125,26,23,2155,150,246,153,171,18,1153,1419,215,2776,18,153,37.9,56.81818181818182,100
169,Ismaël Doukouré,centre-back,75,20,54,8,18,910,101,176,99,99,27,467,784,108,1340,27,99,25.5,43.93939393939394,29
170,Domingos Duarte,centre-back,65,19,145,23,6,742,130,225,63,52,6,677,538,35,1246,6,63,29.5,61.03896103896104,47
171,Shane Duffy,centre-back,0,0,0,0,0,16,2,4,0,0,0,13,9,1,22,0,0,0.2,66.66666666666666,2
172,Lewis Dunk,centre-back,64,18,81,27,10,2911,279,428,158,178,19,1665,1712,97,3461,19,158,36.0,59.130434782608695,68
173,Jean-Kevin Duverne,centre-back,100,42,65,5,28,1059,117,248,149,113,80,486,887,434,1775,80,149,27.9,60.0,33
174,Aritz Elustondo,centre-back,46,14,43,6,9,653,42,81,52,39,21,360,488,107,952,21,52,16.1,43.90243902439025,18
175,Nico Elvedi,centre-back,81,27,149,16,15,1967,157,209,83,50,20,1398,1042,61,2492,20,83,31.4,59.66386554621849,71
176,Rodrigo Ely,centre-back,61,18,203,33,13,1197,192,336,52,54,6,1164,646,54,1857,6,52,35.1,67.52136752136752,79
177,Martin Erlic,centre-back,58,10,120,23,13,1111,168,245,65,48,7,855,693,21,1562,7,65,25.9,55.0561797752809,49
178,Bernardo Espinosa,centre-back,18,3,70,10,7,812,52,92,36,30,8,530,496,29,1047,8,36,13.6,65.4320987654321,53
179,Maxime Estève,centre-back,58,12,90,17,11,609,55,113,44,38,9,515,408,27,944,9,44,18.3,54.38596491228071,31
180,Jonny Evans,centre-back,31,7,51,11,4,690,73,114,35,43,6,474,424,9,906,6,35,11.7,66.66666666666666,26
181,Wout Faes,centre-back,105,29,132,40,19,1676,132,241,82,78,12,1315,980,46,2327,12,82,34.0,56.88073394495413,62
182,Fali,centre-back,40,18,70,15,9,455,97,165,56,49,9,380,351,39,766,9,56,19.0,50.0,26
183,Mamadou Fall,centre-back,0,0,1,0,1,13,2,3,1,0,0,8,10,4,22,0,1,0.3,0.0,0
184,Federico Fazio,centre-back,43,4,61,4,5,410,47,94,40,24,13,318,309,58,679,13,40,11.9,73.46938775510205,36
185,Zouhair Feddal,centre-back,9,3,27,9,0,159,26,48,5,6,0,162,85,3,249,0,5,4.2,46.15384615384615,6
186,Felipe,centre-back,81,26,97,15,21,532,60,124,42,32,5,533,365,64,947,5,42,18.0,61.70212765957447,58
187,Luiz Felipe,centre-back,62,18,106,24,19,753,69,111,42,33,1,600,507,23,1129,1,42,19.6,46.26865671641791,31
188,Ohis Felix Uduokhai,centre-back,59,15,61,14,13,558,50,120,52,34,12,493,414,27,927,12,52,16.1,48.31460674157304,43
189,Federico Fernández,centre-back,3,1,12,0,0,8,2,4,0,0,0,24,5,1,30,0,0,1.0,33.33333333333333,1
190,Joaquín Fernández,centre-back,62,19,98,22,9,820,110,185,42,53,6,672,517,41,1228,6,42,24.0,64.19753086419753,52
191,Alex Ferrari,centre-back,93,32,70,14,26,723,79,145,52,44,9,577,533,66,1164,9,52,20.8,63.1578947368421,36
192,Wesley Fofana,centre-back,63,14,38,11,7,896,33,66,49,66,32,492,606,92,1182,32,49,15.1,60.3448275862069,35
193,José Fonte,centre-back,48,10,112,14,13,1781,181,257,99,104,7,977,1141,95,2205,7,99,28.8,67.03296703296702,61
194,Steven Fortes,centre-back,0,0,0,0,0,1,0,0,0,0,0,2,1,0,3,0,0,0.1,50.0,1
195,Marco Friedl,centre-back,120,41,127,17,29,1407,260,424,115,114,14,1052,934,101,2074,14,115,28.8,49.46236559139785,46
196,Marvin Friedrich,centre-back,28,10,52,6,8,830,64,125,35,21,3,640,426,38,1094,3,35,13.9,57.74647887323944,41
197,Matteo Gabbia,centre-back,22,6,29,3,5,289,59,91,15,14,1,258,163,7,427,1,15,6.8,78.94736842105263,15
198,Carlos García,centre-back,0,0,2,0,0,20,4,4,2,0,0,12,15,1,28,0,2,0.3,100.0,1
199,David García,centre-back,79,19,151,13,15,1152,175,302,105,117,16,830,862,53,1742,16,105,29.8,70.0,84
200,Eric García,centre-back,43,9,36,10,13,1142,122,158,105,130,25,538,781,84,1397,25,105,15.7,60.526315789473685,23
201,Unai García,centre-back,42,12,60,14,9,638,96,177,51,44,11,456,479,32,957,11,51,19.0,56.71641791044776,38
202,Felix Garreta,centre-back,2,0,4,1,0,34,7,8,2,2,0,25,22,0,47,0,2,1.0,50.0,1
203,Federico Gatti,centre-back,36,9,54,14,6,808,111,181,56,47,18,527,532,71,1116,18,56,16.1,55.172413793103445,32
204,Dario Gebuhr,centre-back,0,0,0,0,0,10,1,1,0,2,0,5,6,2,13,0,0,0.2,0.0,0
205,Samuel Gigot,centre-back,91,12,85,7,17,985,66,110,74,57,33,573,704,107,1374,33,74,20.9,76.71232876712328,56
206,Mario Gila,centre-back,6,0,3,0,0,56,6,7,6,1,1,36,33,2,71,1,6,1.0,0.0,0
207,Matthias Ginter,centre-back,78,26,153,24,16,1566,216,350,122,122,23,1151,993,94,2230,23,122,34.0,63.297872340425535,119
208,Andrei Girotto,centre-back,195,74,176,24,31,1445,231,351,140,129,14,982,1157,131,2260,14,140,35.0,65.0,78
209,Ben Godfrey,centre-back,28,11,33,6,6,182,16,41,19,24,9,159,175,63,391,9,19,8.9,46.875,15
210,Toti Gomes,centre-back,26,9,51,8,8,460,28,53,27,27,4,313,278,100,688,4,27,10.9,51.51515151515152,17
211,Joe Gomez,centre-back,52,11,51,11,6,1166,127,197,108,121,15,602,851,76,1521,15,108,16.3,54.761904761904766,46
212,Sergi Gómez,centre-back,56,18,125,19,14,968,127,214,43,38,2,736,620,33,1379,2,43,26.0,54.43037974683544,43
213,Diego González,centre-back,19,7,50,12,2,299,47,90,13,16,1,321,151,17,487,1,13,10.6,70.37037037037037,19
214,Édgar González,centre-back,49,14,120,9,3,792,68,97,30,14,7,637,448,28,1106,7,30,19.7,59.25925925925925,48
215,Oumar Gonzalez,centre-back,103,23,82,11,21,899,94,172,54,29,12,682,655,54,1381,12,54,28.6,57.798165137614674,63
216,Jeffrey Gouweleeuw,centre-back,92,24,141,23,18,1036,176,392,80,102,18,1074,673,97,1829,18,80,31.1,55.47945205479452,81
217,Jonathan Gradit,centre-back,100,31,83,26,14,1875,159,218,233,221,41,749,1452,183,2369,41,233,31.4,51.08695652173913,47
218,Andrew Gravillon,centre-back,49,8,52,11,11,461,48,96,47,36,19,357,337,94,778,19,47,15.0,52.77777777777778,19
219,Leo Greiml,centre-back,13,5,16,3,4,160,17,37,10,10,4,135,101,5,241,4,10,4.0,66.66666666666666,10
220,Marc Guéhi,centre-back,97,26,134,24,21,1883,216,384,106,148,17,1415,1078,74,2557,17,106,37.0,55.67010309278351,54
221,Manuel Gulde,centre-back,33,2,25,1,4,343,38,65,23,24,6,209,256,28,491,6,23,7.1,52.38095238095239,22
222,Koray Günter,centre-back,61,10,46,20,14,667,90,156,57,52,11,516,508,52,1066,11,57,19.7,60.526315789473685,46
223,Joško Gvardiol,centre-back,57,9,76,17,17,1914,217,314,116,137,27,1099,1212,71,2369,27,116,24.1,55.84415584415584,43
224,Norbert Gyömbér,centre-back,67,16,92,22,11,621,56,103,45,32,5,536,402,22,955,5,45,19.3,64.28571428571429,45
225,Alexander Hack,centre-back,54,19,45,5,13,430,87,149,52,35,1,350,367,27,735,1,52,12.6,50.76923076923077,33
226,Dennis Hadzikadunic,centre-back,12,4,27,4,1,142,20,40,19,9,1,109,117,16,242,1,19,6.8,55.172413793103445,16
227,Andreas Hanche-Olsen,centre-back,68,22,77,8,8,536,62,149,43,45,6,512,382,65,949,6,43,16.6,63.30275229357798,69
228,Jan Paul van Hecke,centre-back,14,5,9,5,3,232,12,15,21,22,3,120,155,13,288,3,21,3.3,28.57142857142857,6
229,Dominique Heintz,centre-back,25,6,34,7,4,269,30,53,21,16,3,192,191,24,404,3,21,8.8,60.0,18
230,Jack Hendry,centre-back,1,0,7,1,1,118,17,22,9,12,1,71,73,7,148,1,9,2.4,72.72727272727273,8
231,Christophe Hérelle,centre-back,30,4,48,11,5,377,53,69,24,9,2,323,210,25,552,2,24,11.8,52.38095238095239,11
232,Mario Hermoso,centre-back,41,9,85,9,10,1309,154,236,115,89,23,717,840,171,1717,23,115,23.4,56.451612903225815,35
233,Aridane Hernández,centre-back,49,12,96,21,13,745,105,160,47,42,6,567,496,26,1081,6,47,19.9,66.66666666666666,30
234,Lucas Hernández,centre-back,11,5,7,1,1,337,43,51,34,29,3,153,222,33,407,3,34,5.3,66.66666666666666,4
235,Luis Hernández,centre-back,64,22,145,24,7,1078,186,415,95,81,10,833,731,230,1788,10,95,35.0,63.49206349206349,40
236,Jorge Herrando,centre-back,0,0,3,0,1,3,0,0,0,0,0,7,2,0,9,0,0,0.3,100.0,3
237,Isak Hien,centre-back,104,38,92,17,23,775,108,183,54,41,17,794,526,47,1349,17,54,29.0,60.15037593984962,80
238,Piero Hincapié,centre-back,82,25,83,20,21,1480,93,199,83,66,46,862,1067,195,2112,46,83,27.3,55.140186915887845,59
239,Rob Holding,centre-back,11,3,27,5,1,382,46,69,24,23,3,240,245,15,499,3,24,6.3,56.41025641025641,22
240,Mason Holgate,centre-back,18,3,28,3,4,143,21,58,14,12,4,120,139,27,286,4,14,5.6,47.368421052631575,9
241,Cédric Hountondji,centre-back,109,19,132,22,22,1251,127,202,84,50,5,925,814,39,1774,5,84,34.4,67.02127659574468,63
242,Petko Hristov,centre-back,10,5,12,2,2,160,11,29,8,11,2,101,122,29,251,2,8,4.1,66.66666666666666,10
243,Timo Hübers,centre-back,101,24,153,13,14,1400,149,274,84,60,10,1191,787,57,2020,10,84,28.4,59.11949685534591,94
244,Mats Hummels,centre-back,95,32,100,16,14,1468,247,338,114,100,21,879,993,89,1952,21,114,22.4,63.96396396396396,71
245,Roger Ibanez,centre-back,133,32,95,11,19,1462,146,213,77,71,24,992,974,80,2013,24,77,31.1,67.81609195402298,59
246,Igor,centre-back,68,20,56,14,19,1165,144,213,76,77,19,668,820,46,1522,19,76,22.9,57.57575757575758,38
247,Ardian Ismajli,centre-back,67,18,120,31,16,871,87,141,42,26,10,785,494,25,1301,10,42,23.3,58.16326530612245,57
248,Ko Itakura,centre-back,56,16,95,25,16,1424,75,127,59,68,19,895,845,54,1787,19,59,22.0,59.15492957746479,42
249,Hiroki Ito,centre-back,80,18,94,17,21,1708,246,432,158,142,29,1077,1156,160,2367,29,158,28.5,55.88235294117647,38
250,Armando Izzo,centre-back,123,29,87,17,12,1389,131,213,96,85,22,962,812,130,1890,22,96,27.4,51.94805194805194,40
251,Paul Jaeckel,centre-back,43,17,44,5,6,507,64,125,41,55,6,369,347,40,748,6,41,13.3,46.34146341463415,19
252,Pontus Jansson,centre-back,14,3,38,9,4,257,28,45,14,11,1,243,137,13,393,1,14,8.0,67.56756756756756,25
253,Tony Jantschke,centre-back,2,1,5,3,2,79,7,10,2,1,0,57,39,3,99,0,2,1.1,80.0,4
254,Julian Jeanvier,centre-back,59,13,96,17,7,653,90,143,27,22,4,558,423,23,1002,4,27,19.6,48.0,24
255,Moritz Jenz,centre-back,22,5,53,10,6,374,69,121,18,20,6,381,217,24,614,6,18,10.5,64.15094339622641,34
256,Juan Jesus,centre-back,26,9,29,11,7,669,50,67,55,45,14,300,518,21,834,14,55,10.4,76.92307692307693,30
257,Juanpe,centre-back,29,11,60,9,3,753,85,139,38,32,8,573,395,31,992,8,38,15.8,66.66666666666666,18
258,Jubal,centre-back,94,19,193,34,23,1099,197,318,73,65,7,979,749,57,1773,7,73,35.7,57.57575757575758,76
259,Christopher Jullien,centre-back,89,28,114,18,17,884,122,180,52,30,2,746,574,47,1360,2,52,29.9,68.25396825396825,86
260,Mathias Jørgensen,centre-back,33,9,39,12,7,404,20,49,35,30,1,291,281,42,612,1,35,12.3,51.51515151515152,17
261,Ozan Kabak,centre-back,96,17,83,23,12,1056,88,157,76,62,23,772,746,93,1588,23,76,26.5,60.60606060606061,80
262,Kaiky,centre-back,16,3,28,10,8,182,34,54,11,12,7,184,108,3,294,7,11,6.5,37.5,6
263,Pierre Kalulu,centre-back,98,28,56,17,24,1589,128,208,138,109,52,890,1056,172,2099,52,138,28.3,52.17391304347826,36
264,Marcin Kamiński,centre-back,15,2,28,7,1,254,47,73,25,20,2,206,152,24,380,2,25,7.0,63.04347826086957,29
265,Michael Keane,centre-back,21,5,55,7,5,305,39,93,31,33,2,275,239,55,565,2,31,10.9,67.0,67
266,Kévin Keben Biakolo,centre-back,8,0,9,0,1,117,5,11,5,3,5,69,84,49,198,5,5,4.0,27.27272727272727,3
267,Thilo Kehrer,centre-back,77,21,76,6,10,927,68,119,60,59,15,600,595,147,1335,15,60,24.8,52.17391304347826,36
268,Check Keita,centre-back,17,4,24,5,1,264,22,35,19,14,8,171,190,14,372,8,19,7.6,42.85714285714285,9
269,Lloyd Kelly,centre-back,59,13,101,15,11,934,104,227,47,73,14,752,526,124,1394,14,47,22.7,64.28571428571429,36
270,Marc-Oliver Kempf,centre-back,95,16,143,32,10,1011,99,197,81,57,11,906,701,52,1644,11,81,30.1,60.84905660377359,129
271,Anthony Khelifa,centre-back,0,0,0,0,0,11,1,1,1,1,1,4,8,0,12,1,1,0.1,0.0,0
272,Luca Kilian,centre-back,33,12,48,8,8,585,56,101,53,38,14,442,326,37,801,14,53,12.5,54.761904761904766,23
273,Max Kilman,centre-back,55,16,164,42,28,1748,189,384,127,133,30,1460,952,75,2470,30,127,36.7,67.1875,86
274,Presnel Kimpembe,centre-back,30,9,9,7,5,471,22,26,40,36,4,203,327,39,567,4,40,8.1,61.90476190476191,13
275,Jakub Kiwior,centre-back,59,11,81,21,10,830,100,162,43,31,13,718,410,80,1201,13,43,20.7,57.692307692307686,30
276,Simon Kjær,centre-back,24,7,35,11,3,591,99,152,45,47,3,432,322,11,761,3,45,11.2,57.57575757575758,19
277,Lukas Klostermann,centre-back,29,8,31,3,3,687,44,79,40,36,5,372,458,48,873,5,40,10.1,45.45454545454545,15
278,Robin Knoche,centre-back,83,24,140,18,17,1332,199,347,98,98,12,1045,887,45,1963,12,98,31.9,49.549549549549546,55
279,Robin Koch,centre-back,96,24,152,21,23,1229,141,285,114,121,11,1051,820,106,1963,11,114,35.3,61.66666666666667,111
280,Rudy Kohon,centre-back,5,2,2,0,1,24,2,3,2,0,0,28,11,0,39,0,2,0.7,0.0,0
281,Timothée Kolodziejczak,centre-back,1,0,1,0,0,14,3,4,0,4,0,11,6,3,20,0,0,0.3,0.0,0
282,Cheick Konaté,centre-back,32,13,8,1,6,228,20,43,21,14,12,156,188,46,377,12,21,6.4,37.5,3
283,Ibrahima Konaté,centre-back,64,16,61,5,7,988,59,109,56,56,7,589,691,43,1317,7,56,17.2,76.66666666666667,46
284,Ezri Konsa,centre-back,68,18,120,23,18,1681,120,202,56,70,7,1280,850,70,2192,7,56,36.9,59.78260869565217,55
285,Odilon Kossonou,centre-back,45,8,58,11,15,808,47,93,77,61,26,463,614,75,1144,26,77,16.9,63.04347826086957,29
286,Kalidou Koulibaly,centre-back,74,26,77,13,17,1275,96,175,81,83,10,793,838,63,1687,10,81,20.0,54.09836065573771,33
287,Boubakar Kouyaté,centre-back,65,19,73,14,10,499,63,100,27,24,3,440,334,30,796,3,27,14.0,63.23529411764706,43
288,Cheikhou Kouyaté,centre-back,39,9,24,2,12,185,18,25,19,13,6,136,166,64,363,6,19,9.8,69.23076923076923,18
289,Marash Kumbulla,centre-back,8,2,6,1,1,157,9,22,8,3,2,102,100,5,204,2,8,2.9,63.63636363636363,7
290,Maxence Lacroix,centre-back,48,8,85,11,11,952,115,176,83,71,15,690,586,29,1298,15,83,18.1,60.24096385542169,50
291,Vassilis Lambropoulos,centre-back,23,6,41,3,2,163,16,52,26,12,1,174,141,19,329,1,26,7.0,52.94117647058824,18
292,Aymeric Laporte,centre-back,14,7,30,4,6,892,52,74,85,87,30,335,538,166,1036,30,85,11.0,55.81395348837209,24
293,Julien Laporte,centre-back,40,16,108,27,6,681,96,156,41,52,4,578,411,17,1005,4,41,18.4,59.61538461538461,31
294,Jamaal Lascelles,centre-back,1,1,17,2,1,79,7,11,3,4,0,68,47,4,118,0,3,2.4,62.5,5
295,Maxime Le Marchand,centre-back,76,19,74,14,8,958,111,231,90,85,10,627,720,74,1405,10,90,22.4,67.04545454545455,59
296,Robin Le Normand,centre-back,69,14,93,14,8,1533,171,240,122,93,26,946,988,53,1976,26,122,31.1,74.48275862068967,108
297,Diogo Leite,centre-back,61,21,99,14,9,1071,146,260,111,97,19,765,765,110,1626,19,111,25.0,58.333333333333336,70
298,Maxim Leitsch,centre-back,27,4,26,4,3,249,27,50,25,16,5,188,205,12,405,5,25,7.4,58.06451612903226,18
299,Florian Lejeune,centre-back,43,17,123,16,8,1110,221,401,80,119,8,804,789,86,1666,8,80,28.5,64.83516483516483,59
300,Clément Lenglet,centre-back,56,16,68,11,15,1270,129,219,85,80,33,805,761,107,1666,33,85,22.4,60.56338028169014,43
301,Philipp Lienhart,centre-back,64,13,97,15,14,1369,196,308,79,74,16,999,812,63,1864,16,79,27.8,61.53846153846154,64
302,Matthijs de Ligt,centre-back,55,15,85,20,11,1902,162,216,143,155,17,1018,1183,132,2322,17,143,26.7,60.0,96
303,Victor Lindelöf,centre-back,43,9,63,9,9,866,54,76,36,35,3,550,491,35,1074,3,36,15.2,62.264150943396224,33
304,Diego Llorente,centre-back,49,9,44,2,6,620,55,91,39,32,2,488,345,31,861,4,39,13.6,71.42857142857143,30
305,Luka Lochoshvili,centre-back,67,22,89,10,21,627,46,125,70,43,17,561,414,54,1019,17,70,20.4,54.285714285714285,38
306,David López,centre-back,45,19,64,19,10,1082,93,146,54,57,18,795,553,37,1379,18,54,18.4,47.540983606557376,29
307,Matteo Lovato,centre-back,30,10,33,5,3,274,30,44,8,8,1,233,172,9,411,1,8,9.0,48.38709677419355,15
308,Dejan Lovren,centre-back,51,20,70,10,10,961,109,161,64,65,12,536,695,48,1273,12,64,16.2,69.11764705882352,47
309,Jhon Lucumí,centre-back,88,24,100,26,17,1731,181,263,84,98,37,1222,998,51,2258,37,84,32.2,57.74647887323944,41
310,José Luis Palomino,centre-back,51,11,20,4,7,428,44,70,29,26,3,261,313,39,607,3,29,8.4,64.86486486486487,24
311,Castello Lukeba,centre-back,114,21,105,24,18,2034,138,207,166,133,24,1115,1399,85,2580,24,166,33.2,54.54545454545454,36
312,Sebastiano Luperto,centre-back,76,9,163,42,12,1474,183,298,72,54,13,1236,783,52,2057,13,72,34.8,51.798561151079134,72
313,Lyanco,centre-back,44,12,65,25,5,400,44,110,35,31,13,368,297,64,720,13,35,13.1,56.81818181818182,25
314,Lisandro Magallán,centre-back,32,10,30,5,9,325,42,67,16,16,2,302,163,20,480,2,16,10.0,47.22222222222222,17
315,Giangiacomo Magnani,centre-back,54,19,76,15,5,367,61,122,32,32,5,341,323,27,683,5,32,17.0,61.11111111111112,33
316,Harry Maguire,centre-back,21,4,41,11,7,491,58,93,26,31,8,353,291,32,672,8,26,8.5,53.191489361702125,25
317,Gianluca Mancini,centre-back,83,18,67,17,21,1306,157,311,93,104,17,855,885,139,1865,17,93,31.8,69.04761904761905,58
318,Aïssa Mandi,centre-back,39,6,58,14,5,826,98,120,36,30,7,573,429,51,1051,7,36,16.2,51.28205128205128,20
319,Marcão,centre-back,8,1,14,3,0,187,8,20,13,16,1,120,130,5,255,1,13,4.2,66.66666666666666,8
320,Gian Marco Ferrari,centre-back,46,10,81,20,9,1111,144,221,101,78,11,749,672,66,1476,11,101,24.7,66.19718309859155,47
321,Pablo Marí,centre-back,68,17,111,14,8,1431,194,275,57,74,6,1090,750,37,1874,6,57,27.6,68.6046511627907,59
322,José María Giménez,centre-back,67,24,138,17,20,1183,171,236,63,70,9,941,643,50,1623,9,63,26.9,67.12328767123287,49
323,Guillermo Maripán,centre-back,84,17,87,27,12,1015,135,180,68,62,6,658,734,37,1418,6,68,24.0,54.54545454545454,48
324,Marlon,centre-back,53,15,50,4,9,950,66,83,63,72,19,552,587,47,1182,19,63,17.7,65.57377049180327,40
325,Marquinhos,centre-back,0,0,0,0,0,2,0,0,0,0,0,0,2,1,3,0,0,0.0,0.0,0
326,Marquinhos,centre-back,0,0,0,0,0,2,0,0,0,0,0,0,2,1,3,0,0,0.0,56.451612903225815,35
327,Marquinhos,centre-back,0,0,0,0,0,2,0,0,0,0,0,0,2,1,3,4,99,30.2,0.0,0
328,Marquinhos,centre-back,0,0,0,0,0,2,0,0,0,0,0,0,2,1,3,4,99,30.2,56.451612903225815,35
329,Marquinhos,centre-back,0,0,0,0,0,2,0,0,0,0,4,946,1359,117,2411,0,0,0.0,0.0,0
330,Marquinhos,centre-back,0,0,0,0,0,2,0,0,0,0,4,946,1359,117,2411,0,0,0.0,56.451612903225815,35
331,Marquinhos,centre-back,0,0,0,0,0,2,0,0,0,0,4,946,1359,117,2411,4,99,30.2,0.0,0
332,Marquinhos,centre-back,0,0,0,0,0,2,0,0,0,0,4,946,1359,117,2411,4,99,30.2,56.451612903225815,35
333,Marquinhos,centre-back,0,0,0,0,0,2068,136,164,99,104,0,0,2,1,3,0,0,0.0,0.0,0
334,Marquinhos,centre-back,0,0,0,0,0,2068,136,164,99,104,0,0,2,1,3,0,0,0.0,56.451612903225815,35
335,Marquinhos,centre-back,0,0,0,0,0,2068,136,164,99,104,0,0,2,1,3,4,99,30.2,0.0,0
336,Marquinhos,centre-back,0,0,0,0,0,2068,136,164,99,104,0,0,2,1,3,4,99,30.2,56.451612903225815,35
337,Marquinhos,centre-back,0,0,0,0,0,2068,136,164,99,104,4,946,1359,117,2411,0,0,0.0,0.0,0
338,Marquinhos,centre-back,0,0,0,0,0,2068,136,164,99,104,4,946,1359,117,2411,0,0,0.0,56.451612903225815,35
339,Marquinhos,centre-back,0,0,0,0,0,2068,136,164,99,104,4,946,1359,117,2411,4,99,30.2,0.0,0
340,Marquinhos,centre-back,0,0,0,0,0,2068,136,164,99,104,4,946,1359,117,2411,4,99,30.2,56.451612903225815,35
341,Marquinhos,centre-back,56,18,83,27,16,2,0,0,0,0,0,0,2,1,3,0,0,0.0,0.0,0
342,Marquinhos,centre-back,56,18,83,27,16,2,0,0,0,0,0,0,2,1,3,0,0,0.0,56.451612903225815,35
343,Marquinhos,centre-back,56,18,83,27,16,2,0,0,0,0,0,0,2,1,3,4,99,30.2,0.0,0
344,Marquinhos,centre-back,56,18,83,27,16,2,0,0,0,0,0,0,2,1,3,4,99,30.2,56.451612903225815,35
345,Marquinhos,centre-back,56,18,83,27,16,2,0,0,0,0,4,946,1359,117,2411,0,0,0.0,0.0,0
346,Marquinhos,centre-back,56,18,83,27,16,2,0,0,0,0,4,946,1359,117,2411,0,0,0.0,56.451612903225815,35
347,Marquinhos,centre-back,56,18,83,27,16,2,0,0,0,0,4,946,1359,117,2411,4,99,30.2,0.0,0
348,Marquinhos,centre-back,56,18,83,27,16,2,0,0,0,0,4,946,1359,117,2411,4,99,30.2,56.451612903225815,35
349,Marquinhos,centre-back,56,18,83,27,16,2068,136,164,99,104,0,0,2,1,3,0,0,0.0,0.0,0
350,Marquinhos,centre-back,56,18,83,27,16,2068,136,164,99,104,0,0,2,1,3,0,0,0.0,56.451612903225815,35
351,Marquinhos,centre-back,56,18,83,27,16,2068,136,164,99,104,0,0,2,1,3,4,99,30.2,0.0,0
352,Marquinhos,centre-back,56,18,83,27,16,2068,136,164,99,104,0,0,2,1,3,4,99,30.2,56.451612903225815,35
353,Marquinhos,centre-back,56,18,83,27,16,2068,136,164,99,104,4,946,1359,117,2411,0,0,0.0,0.0,0
354,Marquinhos,centre-back,56,18,83,27,16,2068,136,164,99,104,4,946,1359,117,2411,0,0,0.0,56.451612903225815,35
355,Marquinhos,centre-back,56,18,83,27,16,2068,136,164,99,104,4,946,1359,117,2411,4,99,30.2,0.0,0
356,Marquinhos,centre-back,56,18,83,27,16,2068,136,164,99,104,4,946,1359,117,2411,4,99,30.2,56.451612903225815,35
357,Luca Marrone,centre-back,0,0,4,2,0,78,5,8,4,0,0,66,25,2,93,0,4,1.5,44.44444444444444,4
358,Iñigo Martínez,centre-back,36,6,55,11,6,627,109,172,60,52,11,451,430,38,914,11,60,14.9,57.77777777777777,26
359,Lisandro Martínez,centre-back,87,30,103,27,24,1330,96,193,83,92,12,934,829,60,1809,12,83,23.5,50.79365079365079,32
360,Lucas Martínez Quarta,centre-back,128,42,78,19,22,1245,213,340,119,119,19,854,890,111,1835,19,119,24.1,67.85714285714286,76
361,Erhan Mašović,centre-back,77,30,79,14,16,662,62,127,60,41,4,558,464,61,1078,4,60,24.2,46.0,46
362,Joël Matip,centre-back,35,11,45,3,5,766,57,85,59,53,28,482,468,62,1004,28,59,12.1,52.083333333333336,25
363,Chrislain Matsima,centre-back,22,4,23,8,0,302,23,40,24,19,2,191,189,42,421,2,24,7.5,68.96551724137932,20
364,Konstantinos Mavropanos,centre-back,113,28,99,18,21,1255,246,329,120,92,34,874,875,157,1875,34,120,25.4,70.43478260869566,81
365,Christian Mawissa,centre-back,5,1,1,0,0,41,1,1,6,1,1,11,34,11,56,1,6,1.1,50.0,1
366,Fernand Mayembo,centre-back,19,4,36,0,2,275,36,53,11,7,2,233,153,10,394,2,11,7.9,75.0,15
367,Mamadou Mbaye,centre-back,17,6,50,8,2,219,24,47,13,12,2,232,150,15,393,2,13,8.4,56.52173913043478,26
368,Chancel Mbemba,centre-back,85,22,89,12,13,1441,126,211,183,127,47,669,1043,339,2042,47,183,31.7,67.28971962616822,72
369,Scott McKenna,centre-back,24,6,85,14,6,569,66,122,35,35,5,501,333,45,877,5,35,17.5,61.01694915254237,36
370,Gary Medel,centre-back,53,9,34,10,7,986,107,155,58,61,1,520,656,60,1226,1,58,16.4,50.0,15
371,Facundo Medina,centre-back,57,13,62,9,16,2260,162,246,238,239,81,806,1714,237,2728,81,238,30.9,46.25,37
372,Ben Mee,centre-back,93,20,122,42,12,1348,169,316,84,86,8,1089,887,156,2122,8,84,36.3,57.20524017467249,131
373,Pedro Mendes,centre-back,0,0,0,0,0,1,0,0,0,0,0,2,2,0,4,0,0,0.1,50.0,1
374,Chris Mepham,centre-back,75,19,152,27,13,870,75,142,42,42,2,852,455,36,1336,2,42,24.4,63.095238095238095,53
375,Jorge Meré,centre-back,17,5,32,6,3,179,23,36,14,8,1,148,127,11,283,1,14,6.7,65.21739130434783,15
376,Yıldırım Mert Çetin,centre-back,2,0,1,0,0,2,1,1,0,0,0,5,3,0,8,0,0,0.2,0.0,0
377,Nikola Milenković,centre-back,62,18,72,14,13,1107,129,182,78,62,9,743,710,74,1520,9,78,23.7,70.87378640776699,73
378,Éder Militão,centre-back,88,26,104,39,28,1660,188,273,98,138,28,1088,984,157,2216,28,98,30.0,65.3061224489796,64
379,Kim Min-jae,centre-back,96,25,123,26,10,2552,214,295,169,201,42,1329,1722,104,3142,42,169,33.9,62.75862068965517,91
380,Yerry Mina,centre-back,21,9,28,4,3,286,17,27,13,15,1,198,176,30,402,1,13,6.6,55.88235294117647,19
381,Tyrone Mings,centre-back,69,9,163,21,19,1617,153,286,111,106,20,1276,877,81,2228,20,111,35.0,71.76470588235294,61
382,Óscar Mingueza,centre-back,49,25,25,4,6,721,58,126,69,70,24,351,490,209,1032,24,69,14.3,50.0,8
383,Stefan Mitrović,centre-back,31,7,90,10,2,403,63,111,17,14,1,396,260,11,663,1,17,18.7,70.37037037037037,38
384,César Montes,centre-back,31,10,101,12,7,624,81,158,41,46,13,511,422,66,989,13,41,17.7,64.15094339622641,68
385,Cristhian Mosquera,centre-back,5,4,5,0,1,53,4,9,1,0,0,46,26,9,81,0,1,1.6,60.0,3
386,Abdul Mumin,centre-back,20,3,36,5,8,299,45,99,19,18,5,248,231,19,493,5,19,10.2,41.935483870967744,13
387,Jeison Murillo,centre-back,30,17,39,14,8,456,55,97,35,30,8,323,325,28,671,8,35,11.7,58.333333333333336,28
388,Obite N'Dicka,centre-back,56,18,150,19,28,1563,108,199,94,74,16,1078,1003,90,2159,16,94,29.9,61.6,77
389,Stanley N'Soki,centre-back,46,12,34,5,17,652,63,116,64,62,17,415,481,43,931,17,64,14.3,64.70588235294117,22
390,Nacho,centre-back,42,12,37,6,5,1085,53,74,75,79,18,503,629,205,1327,18,75,18.2,63.1578947368421,36
391,Matija Nastasić,centre-back,28,3,43,4,7,238,35,70,25,24,4,219,162,13,392,4,25,10.1,60.0,9
392,Youssouf Ndayishimiye,centre-back,25,6,22,5,3,337,35,47,30,32,7,159,250,43,446,7,30,6.3,45.45454545454545,5
393,Moussa Niakhate,centre-back,37,11,60,8,10,265,39,90,15,16,2,301,159,69,528,2,15,12.9,55.88235294117647,19
394,Tanguy Nianzou,centre-back,36,8,44,5,3,676,39,73,66,58,4,368,498,35,894,4,66,15.2,74.4186046511628,32
395,Rasmus Nicolaisen,centre-back,98,29,152,45,13,1484,188,289,114,81,21,1123,960,55,2130,21,114,33.3,73.88535031847134,116
396,Dimitris Nikolaou,centre-back,72,25,82,26,15,1348,149,298,105,112,20,989,814,136,1926,20,105,32.9,50.84745762711864,30
397,Unai Núñez,centre-back,119,18,135,17,10,1744,203,316,146,131,31,1197,1100,83,2366,31,146,35.0,56.91056910569105,70
398,Bram Nuytinck,centre-back,89,27,106,27,15,672,79,127,27,20,5,692,355,19,1063,5,27,20.9,48.0,36
399,Gerzino Nyamsi,centre-back,38,10,63,11,8,710,74,131,68,55,13,472,503,43,1008,13,68,17.5,64.91228070175438,37
400,Tim Oermann,centre-back,3,1,8,2,1,39,6,12,0,1,0,51,18,0,69,0,0,2.2,44.44444444444444,4
401,Odeluga Offiah,centre-back,1,0,1,0,0,24,1,1,1,2,1,11,21,3,35,1,1,0.3,0.0,0
402,Angelo Ogbonna,centre-back,28,5,74,7,4,332,32,62,11,8,0,331,197,17,545,0,11,13.7,63.63636363636363,35
403,Florent Ogier,centre-back,51,22,64,13,9,741,93,168,57,47,4,586,476,39,1098,4,57,18.9,50.90909090909091,28
404,Marios Oikonomou,centre-back,7,1,13,4,1,63,7,19,2,1,0,80,35,3,118,0,2,2.4,66.66666666666666,4
405,Caleb Okoli,centre-back,51,10,44,5,5,345,28,49,19,11,4,328,229,48,598,4,19,10.7,63.23529411764706,43
406,Warmed Omari,centre-back,37,14,43,7,6,911,125,147,58,42,4,475,613,27,1106,4,58,15.1,66.07142857142857,37
407,Willi Orban,centre-back,90,26,129,24,18,2345,240,352,153,154,16,1473,1441,99,3000,16,153,32.8,59.67741935483871,111
408,Ivan Ordets,centre-back,88,16,139,17,17,731,75,160,53,30,3,716,520,103,1335,3,53,27.2,66.34615384615384,138
409,Reece Oxford,centre-back,2,0,5,3,1,28,3,14,4,2,0,47,19,2,67,0,4,1.0,50.0,7
410,Cenk Özkacar,centre-back,39,14,47,2,12,646,60,91,61,54,23,409,462,45,908,23,61,15.2,59.036144578313255,49
411,Jon Pacheco,centre-back,28,6,37,6,3,812,78,117,48,51,18,423,561,13,994,18,48,13.3,56.60377358490566,30
412,Nicolas Pallois,centre-back,99,42,131,18,17,977,163,256,86,88,8,688,771,35,1475,8,86,24.6,58.333333333333336,35
413,Erik Palmer-Brown,centre-back,68,18,166,29,27,1212,95,185,75,64,6,1073,684,40,1784,6,75,35.5,63.63636363636363,56
414,Aitor Paredes,centre-back,21,6,26,7,4,464,68,93,33,29,4,277,296,30,600,4,33,9.5,75.0,21
415,Patric,centre-back,28,11,53,12,5,947,173,235,27,30,0,709,469,8,1181,0,27,15.7,26.666666666666668,8
416,Gabriel Paulista,centre-back,49,13,79,14,8,645,87,127,61,53,12,475,446,42,959,12,61,16.7,58.333333333333336,42
417,Théo Pellenard,centre-back,3,1,2,1,2,11,2,6,2,4,0,23,11,2,36,0,2,1.1,100.0,1
418,Nehuén Pérez,centre-back,112,39,106,23,30,1538,224,352,101,107,23,1051,947,153,2136,23,101,31.3,61.40350877192983,35
419,Lucas Perrin,centre-back,80,25,53,5,8,678,82,144,50,56,13,423,501,89,1006,13,50,19.6,65.45454545454545,36
420,Germán Pezzella,centre-back,91,26,129,15,17,1129,101,192,54,45,8,883,691,44,1606,8,54,27.9,70.1923076923077,73
421,Nathaniel Phillips,centre-back,4,2,1,0,0,71,9,14,9,7,0,26,63,2,89,0,9,0.7,100.0,4
422,Amos Pieper,centre-back,76,24,94,11,12,943,127,224,84,64,14,627,742,83,1448,14,84,21.7,68.68686868686868,68
423,Ethan Pinnock,centre-back,87,18,215,31,10,914,84,160,52,43,2,927,497,134,1554,2,52,30.0,66.87898089171973,105
424,Gerard Piqué,centre-back,7,4,19,1,1,353,56,66,35,47,3,126,290,9,424,3,35,4.3,76.92307692307693,20
425,Lorenzo Pirola,centre-back,63,19,85,35,15,790,65,127,43,43,13,719,472,51,1235,13,43,21.6,55.172413793103445,48
426,Marin Pongračić,centre-back,32,5,31,3,1,296,47,63,19,16,3,232,201,11,435,3,19,8.8,47.368421052631575,9
427,Jackson Porozo,centre-back,65,13,75,17,7,512,35,73,26,21,6,463,348,47,851,6,26,18.0,65.27777777777779,47
428,Stefan Posch,centre-back,116,44,69,15,29,1407,148,305,148,112,45,858,960,363,2157,45,148,28.3,49.09090909090909,27
429,Eduardo Quaresma,centre-back,5,1,3,2,1,60,3,5,10,5,4,25,53,4,81,4,10,1.0,50.0,1
430,Joshua Quarshie,centre-back,0,0,0,0,0,0,0,0,0,0,0,0,0,3,3,0,0,0.0,0.0,0
431,Ștefan Radu,centre-back,0,0,0,0,0,6,0,0,1,0,0,1,6,0,7,0,1,0.0,0.0,0
432,Antonio Raillo,centre-back,65,10,158,29,9,902,99,173,50,32,8,798,579,53,1413,8,50,30.7,64.33566433566433,92
433,Adil Rami,centre-back,44,17,75,16,7,615,103,154,35,45,4,521,367,31,909,4,35,17.7,64.44444444444444,29
434,Sergio Ramos,centre-back,68,23,93,13,16,2394,283,327,163,215,15,1061,1566,159,2774,15,163,30.0,61.79775280898876,55
435,Andrea Ranocchia,centre-back,3,3,7,5,0,16,2,4,0,2,0,28,7,0,35,0,0,0.5,33.33333333333333,1
436,Tim Ream,centre-back,71,13,116,24,21,1662,267,379,142,148,28,1124,1020,61,2193,28,142,32.2,60.75949367088608,48
437,Karim Rekik,centre-back,21,4,24,5,7,642,38,59,50,48,13,323,429,52,799,13,50,13.1,68.75,22
438,Panagiotis Retsos,centre-back,7,3,3,1,3,44,4,7,2,3,2,31,38,7,76,2,2,1.4,50.0,3
439,Alejandro Revuelta Montero,centre-back,0,0,1,0,0,0,0,0,0,0,0,1,0,0,1,0,0,0.0,0.0,0
440,Chadi Riad,centre-back,0,0,0,0,0,1,0,0,0,0,0,1,0,0,1,0,0,0.0,0.0,0
441,Alexsandro Ribeiro,centre-back,57,19,59,2,9,1148,82,120,90,77,9,643,770,44,1449,9,90,17.9,53.333333333333336,32
442,Chris Richards,centre-back,17,5,31,1,9,169,19,27,14,15,4,131,119,24,274,4,14,5.0,77.77777777777779,14
443,Enzo Roco,centre-back,50,15,63,15,7,587,75,119,42,43,6,486,376,37,891,6,42,18.4,69.6969696969697,46
444,Joe Rodon,centre-back,20,4,54,12,4,945,90,118,49,39,5,487,667,25,1175,5,49,15.7,59.45945945945946,44
445,Ricardo Rodríguez,centre-back,92,28,61,15,15,1439,128,242,133,114,49,692,998,314,1993,49,133,29.7,50.84745762711864,30
446,Agustín Rogel,centre-back,29,11,74,8,7,426,51,100,23,11,1,434,275,20,726,1,23,15.8,58.333333333333336,49
447,Filippo Romagna,centre-back,0,0,2,1,0,34,0,1,0,0,1,29,11,0,40,1,0,0.5,100.0,2
448,Alessio Romagnoli,centre-back,71,11,108,26,7,1673,153,223,62,91,3,1089,988,34,2107,3,62,32.5,63.41463414634146,78
449,Simone Romagnoli,centre-back,7,2,11,1,3,61,1,6,5,1,0,56,43,2,100,0,5,1.9,55.55555555555556,10
450,Cristian Romero,centre-back,112,29,102,18,22,1407,119,176,92,87,19,976,849,111,1923,19,92,26.3,68.67469879518072,57
451,Anthony Rouault,centre-back,122,30,126,26,26,1802,208,329,136,113,10,1282,1113,69,2451,10,136,36.8,57.333333333333336,86
452,Amir Rrahmani,centre-back,47,17,79,20,16,1977,266,349,135,149,23,955,1327,102,2372,23,135,27.2,62.61682242990653,67
453,Ruan,centre-back,62,19,80,17,12,835,74,97,22,22,6,681,431,28,1136,6,22,19.0,58.620689655172406,51
454,Antonio Rüdiger,centre-back,37,14,74,13,10,1486,109,153,59,75,21,907,840,79,1814,21,59,26.8,62.71186440677966,37
455,Daniele Rugani,centre-back,14,4,32,5,2,231,17,33,5,7,2,204,112,9,325,2,5,6.3,55.00000000000001,11
456,Víctor Ruiz,centre-back,11,3,34,7,3,213,18,37,10,11,4,180,128,8,315,4,10,6.2,70.83333333333334,17
457,Franco Russo,centre-back,5,0,5,0,5,46,7,13,1,4,0,47,28,3,78,0,1,1.6,60.0,3
458,Frederik Rønnow,centre-back,0,0,9,0,0,888,308,696,0,69,0,1318,23,0,1340,0,0,29.0,83.33333333333334,10
459,Mamadou Sakho,centre-back,17,3,35,12,5,397,21,39,33,15,0,239,293,8,539,0,33,8.5,55.00000000000001,22
460,Kike Salas,centre-back,6,0,23,3,1,177,18,32,14,9,3,133,112,10,255,3,14,4.1,60.0,9
461,William Saliba,centre-back,53,15,85,10,3,1698,108,144,99,111,13,905,1094,64,2056,13,99,26.8,55.208333333333336,53
462,Mohammed Salisu,centre-back,82,24,122,25,31,879,86,209,82,80,5,755,635,124,1504,5,82,21.9,67.90123456790124,55
463,Yoann Salmier,centre-back,90,21,124,19,15,1198,121,235,121,108,24,871,821,89,1764,24,121,29.4,62.7906976744186,54
464,Davinson Sánchez,centre-back,36,14,41,10,6,515,24,52,35,35,5,364,310,46,719,5,35,9.5,63.63636363636363,28
465,Javi Sánchez,centre-back,89,17,116,22,10,962,131,228,74,65,21,838,577,41,1444,21,74,26.6,50.54945054945055,46
466,Malang Sarr,centre-back,21,1,29,7,4,460,74,95,59,55,5,210,366,17,590,5,59,8.0,62.5,15
467,Esteban Saveljich,centre-back,0,0,0,0,0,0,0,0,0,0,0,0,0,0,0,0,0,0.0,0.0,0
468,Stefan Savić,centre-back,72,26,67,8,9,1001,107,150,74,61,20,647,636,35,1317,20,74,21.6,65.11627906976744,56
469,Giorgio Scalvini,centre-back,110,29,57,13,23,1205,90,184,158,133,22,687,861,226,1762,22,158,25.9,56.97674418604651,49
470,Fabian Schär,centre-back,99,24,139,19,15,1423,199,386,139,142,27,1101,938,213,2235,27,139,35.6,67.06586826347305,112
471,Keven Schlotterbeck,centre-back,33,9,51,6,6,214,29,67,21,15,1,236,183,31,448,1,21,8.4,58.06451612903226,36
472,Nico Schlotterbeck,centre-back,91,37,71,21,17,1648,215,335,159,137,39,988,1097,111,2173,39,159,25.0,64.51612903225806,60
473,Kenneth Schmidt,centre-back,6,5,2,2,2,166,16,25,13,13,5,79,119,12,208,5,13,2.8,50.0,4
474,Perr Schuurs,centre-back,79,14,102,16,12,1058,108,142,56,35,14,759,671,67,1479,14,56,25.8,55.04587155963303,60
475,Alidu Seidu,centre-back,104,31,50,14,14,1152,110,184,65,52,27,710,805,158,1646,27,65,27.3,74.28571428571429,26
476,Marcos Senesi,centre-back,93,23,146,20,18,1064,137,245,66,86,9,1037,568,57,1647,9,66,27.7,54.16666666666666,26
477,Thiago Silva,centre-back,75,21,111,29,9,1856,172,258,104,115,8,1167,1081,58,2302,8,104,26.1,72.61904761904762,61
478,Mohamed Simakan,centre-back,37,14,55,4,17,901,65,120,88,81,32,434,668,211,1301,32,88,16.2,60.31746031746032,38
479,Simo,centre-back,3,2,3,4,1,58,6,7,11,11,2,32,46,2,79,2,11,1.6,33.33333333333333,2
480,Leo Skiri Østigård,centre-back,10,1,18,3,0,306,41,55,23,26,5,176,209,17,401,5,23,4.7,81.08108108108108,30
481,Milan Škriniar,centre-back,42,18,46,13,5,1275,103,144,81,79,16,741,721,90,1546,16,81,19.7,48.57142857142857,17
482,Chris Smalling,centre-back,69,13,123,36,15,1173,113,162,51,35,5,977,637,52,1657,5,51,31.2,74.73684210526315,71
483,Hrvoje Smolčić,centre-back,14,5,38,4,7,287,23,45,18,8,0,234,188,12,432,0,18,5.2,67.5,27
484,Nikola Soldo,centre-back,22,7,28,6,1,270,35,72,15,11,3,230,182,13,421,3,15,6.6,43.75,7
485,Joaquin Sosa,centre-back,12,4,31,3,2,308,43,73,13,22,6,243,195,8,445,6,13,7.6,53.84615384615385,14
486,Adama Soumaoro,centre-back,40,5,75,13,5,996,78,95,50,28,7,649,557,23,1226,7,50,20.7,67.3913043478261,31
487,Harry Souttar,centre-back,27,7,45,12,4,448,34,76,29,39,6,365,282,20,663,6,29,11.0,86.36363636363636,38
488,Çağlar Söyüncü,centre-back,21,7,30,8,1,241,22,48,12,9,5,226,147,12,382,5,12,5.9,60.0,24
489,Niklas Stark,centre-back,93,27,110,13,11,1027,145,229,65,57,9,812,673,39,1516,9,65,23.1,45.91836734693878,45
490,Jack Stephens,centre-back,34,7,55,17,7,469,54,95,37,40,10,372,292,36,698,10,37,13.5,47.22222222222222,17
491,John Stones,centre-back,32,7,40,10,7,1453,99,124,101,109,28,544,942,210,1690,28,101,20.5,67.3469387755102,33
492,Pascal Struijk,centre-back,116,49,70,12,20,1046,51,104,119,90,24,538,708,379,1619,24,119,24.4,58.252427184466015,60
493,Mario Suárez,centre-back,0,0,0,0,1,2,0,0,0,0,0,1,3,0,4,0,0,0.1,0.0,0
494,Niklas Süle,centre-back,42,14,53,19,9,1677,211,260,137,116,37,811,1013,217,2031,37,137,23.5,65.3061224489796,32
495,Jonathan Tah,centre-back,65,12,118,18,12,1455,137,196,56,59,8,952,915,40,1895,8,56,27.6,55.33980582524271,57
496,Montassar Talbi,centre-back,93,22,190,34,21,1753,113,218,61,40,13,1500,847,28,2365,13,61,38.0,65.69343065693431,90
497,Japhet Tanganga,centre-back,5,1,8,0,1,82,5,7,5,4,1,48,59,3,109,1,5,1.6,75.0,6
498,Edmond Tapsoba,centre-back,87,30,109,17,23,1891,199,322,169,154,40,1143,1286,109,2520,40,169,31.9,56.12244897959183,55
499,James Tarkowski,centre-back,102,20,201,78,21,1322,167,297,106,98,13,1090,926,113,2119,13,106,38.0,71.42857142857143,120
500,Enzo Tchato,centre-back,33,13,33,2,15,414,19,53,34,26,25,190,301,204,687,25,34,12.2,51.51515151515152,17
501,Arthur Theate,centre-back,59,17,114,14,12,2296,266,366,248,216,37,1081,1644,141,2856,37,248,34.7,64.81481481481481,70
502,Malick Thiaw,centre-back,55,12,89,8,7,1040,123,168,70,57,7,651,675,48,1367,7,70,18.1,66.66666666666666,62
503,Jean-Clair Todibo,centre-back,117,41,110,19,22,1931,161,289,153,137,21,1267,1222,57,2514,21,153,31.9,57.35294117647059,39
504,Rafael Tolói,centre-back,126,35,88,18,24,1351,145,290,148,126,21,834,922,297,2031,21,148,30.9,56.57894736842105,43
505,James Tomkins,centre-back,9,1,19,2,1,138,12,27,2,2,1,142,59,7,208,1,2,3.8,50.0,6
506,Fikayo Tomori,centre-back,99,22,88,25,21,1697,242,324,122,91,26,1089,1078,63,2218,26,122,30.7,67.3913043478261,62
507,Lorenzo Tonelli,centre-back,0,0,0,0,0,5,1,2,0,0,0,4,4,0,8,0,0,0.2,0.0,0
508,David Torres,centre-back,4,1,8,2,2,184,14,32,11,8,2,105,137,14,254,2,11,4.3,50.0,9
509,Pau Torres,centre-back,56,23,146,27,9,1855,262,414,197,187,76,1186,1174,154,2495,76,197,33.9,55.140186915887845,59
510,Almamy Touré,centre-back,23,5,8,2,7,188,17,28,17,11,2,114,146,26,286,2,17,4.4,56.00000000000001,14
511,Souleymane Touré,centre-back,57,17,61,12,21,713,77,108,47,44,12,511,462,52,1012,12,47,18.4,71.42857142857143,25
512,William Troost-Ekong,centre-back,17,6,10,4,3,148,13,24,6,1,1,128,94,5,226,1,6,4.9,66.66666666666666,18
513,Alessandro Tuia,centre-back,25,3,29,1,2,142,26,58,20,15,1,136,127,7,267,1,20,5.7,41.66666666666667,10
514,Tuta,centre-back,102,33,134,14,33,1486,161,314,107,94,23,1047,1111,114,2246,23,107,30.2,45.535714285714285,51
515,Samuel Umtiti,centre-back,78,18,79,14,12,724,97,159,56,47,12,538,543,37,1107,12,56,23.5,56.66666666666666,34
516,Dayot Upamecano,centre-back,92,28,71,6,20,2101,246,333,169,205,31,1177,1314,92,2569,31,169,26.1,50.0,47
517,Filip Uremović,centre-back,74,14,88,13,5,514,27,74,17,16,3,514,338,33,882,3,17,19.2,59.13978494623656,55
518,Martin Valjent,centre-back,64,19,137,21,18,885,105,213,57,59,15,759,594,62,1405,15,57,29.5,53.96825396825397,34
519,Jesús Vallejo,centre-back,0,0,0,0,0,12,1,1,0,1,0,9,3,2,14,0,0,0.2,0.0,0
520,Virgil van Dijk,centre-back,58,8,138,16,8,2345,244,344,127,156,10,1327,1427,128,2876,10,127,31.5,74.24242424242425,98
521,Raphaël Varane,centre-back,35,7,91,17,7,954,72,128,63,82,17,611,631,54,1293,17,63,21.2,72.41379310344827,42
522,Johan Vásquez,centre-back,86,18,93,20,7,632,46,114,48,39,18,587,401,82,1060,18,48,20.1,44.303797468354425,35
523,Miloš Veljković,centre-back,63,18,103,16,16,1145,202,326,81,76,5,935,679,39,1645,5,81,25.2,56.310679611650485,58
524,Micky van de Ven,centre-back,71,28,108,24,18,1541,145,236,111,98,43,981,935,141,2043,43,111,33.0,52.23880597014925,35
525,Gonzalo Verdú,centre-back,20,4,33,6,2,269,31,70,13,8,0,238,167,16,418,0,13,7.8,65.11627906976744,28
526,João Victor,centre-back,34,12,30,1,10,347,39,64,40,19,17,188,281,80,539,17,40,9.4,64.70588235294117,11
527,Clément Vidal,centre-back,52,18,73,16,11,604,109,177,61,52,3,498,450,33,970,3,61,21.1,65.78947368421053,50
528,Mattia Viti,centre-back,12,2,22,3,6,303,22,43,19,14,1,222,189,15,424,1,19,7.0,65.0,13
529,Daniel Vivian,centre-back,81,36,90,14,13,1165,191,311,124,118,25,804,857,71,1719,25,124,26.4,42.10526315789473,40
530,Kevin Vogt,centre-back,41,9,67,11,7,1033,171,242,104,88,16,693,636,28,1352,16,104,19.7,44.0,11
531,Stefan de Vrij,centre-back,68,8,80,10,8,1078,67,111,55,42,13,709,681,35,1423,13,55,21.6,73.21428571428571,82
532,Sebastian Walukiewicz,centre-back,16,4,30,9,1,345,40,67,13,13,6,298,156,6,459,6,13,6.7,36.36363636363637,4
533,Adam Webster,centre-back,41,11,55,19,11,1514,125,178,119,120,19,819,969,108,1888,19,119,22.1,68.96551724137932,60
534,Mateusz Wieteska,centre-back,97,19,97,28,16,1344,128,239,99,80,15,1017,868,57,1925,15,99,34.6,65.54621848739495,78
535,Frederik Winther,centre-back,2,0,7,1,0,22,4,8,1,1,0,31,16,2,49,0,1,1.0,66.66666666666666,6
536,Przemysław Wiśniewski,centre-back,24,6,66,8,8,417,51,91,24,22,2,389,215,33,635,2,24,11.1,71.42857142857143,40
537,Maximilian Wöber,centre-back,52,16,67,14,18,483,50,122,54,63,15,381,400,81,858,15,54,14.1,56.25,27
538,Christopher Wooh,centre-back,22,9,50,5,6,571,65,85,38,24,6,291,421,15,725,6,38,11.2,63.63636363636363,21
539,Joe Worrall,centre-back,79,25,111,23,10,891,143,250,67,75,5,813,524,75,1408,5,67,24.7,62.5,55
540,Jawad El Yamiq,centre-back,54,6,101,19,8,745,110,188,55,48,21,613,519,45,1163,21,55,17.9,62.68656716417911,42
541,Leny Yoro,centre-back,29,4,27,1,5,514,55,79,15,11,0,293,348,4,641,0,15,8.5,60.0,12
542,Maya Yoshida,centre-back,80,18,132,29,11,1071,163,326,85,70,7,997,678,56,1716,7,85,28.4,66.4,83
543,Illia Zabarnyi,centre-back,7,3,14,2,5,184,14,20,11,13,1,159,74,2,234,1,11,3.3,25.0,1
544,Dan-Axel Zagadou,centre-back,35,5,81,16,3,841,124,171,44,45,3,631,497,28,1150,3,44,14.1,72.6027397260274,53
545,Nathan Zeze,centre-back,3,1,1,0,0,18,1,2,0,1,0,15,15,0,30,0,0,0.7,50.0,1
546,David Zima,centre-back,18,3,11,2,5,154,12,20,12,6,3,114,121,12,245,3,12,4.5,62.5,15
547,Kurt Zouma,centre-back,39,5,120,14,3,701,79,129,31,19,3,654,364,35,1050,3,31,22.1,80.88235294117648,55
548,Igor Zubeldia,centre-back,56,25,93,17,6,1329,149,231,128,79,14,820,912,48,1772,14,128,28.2,53.09734513274337,60
