,Player,Position,BTklInt,CTkl%,PTCrs,PTTB,SCA,LPrgP,LFTP,LxA,CaFTC,CaPrgC,Def_3rd,Mid_3rd,Att_3rd,Live,90s,PrgR
0,Abner,left-back,20,43.75,13,0,8,16,18,0.5,7,8,128,189,113,425,6.7,25
1,Marcos Acuña,left-back,80,71.42857142857143,147,3,65,102,71,5.7,43,49,406,670,467,1523,21.2,94
2,Felix Agu,right-back,1,0.0,1,0,4,2,1,0.1,2,0,7,13,14,33,0.5,2
3,Ruben Aguilar,right-back,37,36.36363636363637,39,0,18,102,72,1.2,23,29,210,463,305,975,13.0,78
4,Ola Aina,right-back,28,60.0,35,0,27,43,35,1.9,26,35,146,294,250,679,9.7,43
5,Rayan Aït Nouri,left-back,42,60.0,21,0,23,43,29,0.9,13,30,240,279,233,740,12.0,76
6,Sergio Akieme,left-back,41,54.54545454545454,70,3,36,58,43,2.2,34,60,434,563,307,1283,25.5,84
7,Jordi Alba,left-back,36,42.85714285714285,91,4,59,141,120,6.7,27,42,299,765,506,1558,15.8,157
8,Trent Alexander-Arnold,right-back,100,53.16455696202531,252,26,124,235,239,9.1,39,43,737,1631,837,3180,32.5,139
9,Marcos Alonso,left-back,26,75.0,23,1,14,71,70,0.9,11,26,402,624,94,1114,13.0,12
10,Mickaël Alphonse,right-back,70,60.60606060606061,27,0,19,51,43,0.9,25,30,255,457,178,879,15.1,34
11,Jordan Amavi,left-back,7,33.33333333333333,6,0,2,5,2,0.0,5,4,33,65,23,119,2.2,5
12,Kelvin Amian,right-back,76,77.41935483870968,39,1,45,102,80,2.2,31,53,506,512,383,1395,26.4,72
13,Ayoub Amraoui,left-back,10,40.0,14,0,4,13,10,0.1,5,6,69,93,50,210,3.3,18
14,Angeliño,left-back,65,62.16216216216216,179,1,88,108,82,7.7,26,24,506,771,533,1798,29.1,120
15,Fabrizio Angileri,left-back,19,58.82352941176471,12,0,5,16,13,0.1,7,4,88,157,80,324,6.5,14
16,Dennis Appiah,right-back,31,37.03703703703704,21,0,11,39,30,0.3,13,15,158,292,113,554,8.8,51
17,Santiago Arzamendia,left-back,11,28.57142857142857,14,0,11,17,14,0.2,9,8,90,135,70,290,5.4,22
18,Lorenz Assignon,right-back,8,50.0,4,0,4,11,8,0.3,7,10,51,110,42,200,2.9,13
19,Youcef Atal,right-back,52,71.875,40,1,31,39,28,1.7,29,38,149,295,202,632,8.7,63
20,Tommaso Augello,left-back,34,45.0,170,0,77,119,84,3.8,43,84,615,856,544,1981,34.0,153
21,Ludwig Augustinsson,left-back,4,33.33333333333333,5,0,2,5,1,0.1,3,0,47,47,37,131,2.4,9
22,Ludwig Augustinsson,left-back,4,33.33333333333333,6,0,2,5,1,0.1,3,0,47,47,37,131,2.4,9
23,Serge Aurier,right-back,93,69.6969696969697,40,1,26,71,44,0.9,26,37,484,505,263,1238,21.6,50
24,Mehmet Aydin,right-back,35,45.83333333333333,23,1,13,15,13,0.3,12,9,128,165,97,380,6.3,21
25,Luke Ayling,right-back,92,49.41176470588236,62,0,40,77,61,2.2,20,28,466,578,390,1413,22.8,100
26,César Azpilicueta,right-back,62,59.45945945945946,26,0,25,71,40,1.3,19,23,424,510,319,1245,17.0,81
27,Sanoussy Ba,left-back,0,0.0,0,0,0,0,0,0.0,0,0,0,0,0,0,0.0,0
28,Mitchel Bakker,left-back,31,40.0,26,1,37,57,36,1.3,17,28,331,570,250,1139,18.4,65
29,Ridle Baku,right-back,71,55.172413793103445,70,2,64,126,116,5.0,23,50,521,880,498,1889,28.7,157
30,Alejandro Balde,left-back,54,58.53658536585365,67,0,66,79,74,5.4,69,96,419,874,672,1939,27.5,234
31,Thierno Balde,right-back,50,60.0,37,4,45,60,34,1.5,51,66,395,425,339,1138,23.9,118
32,Mikel Balenziaga,left-back,5,100.0,3,0,1,7,4,0.1,2,0,14,39,25,77,1.3,6
33,Iván Balliu,right-back,77,60.0,105,1,66,131,95,2.6,51,75,503,925,695,2116,35.9,147
34,Fodé Ballo-Touré,left-back,16,70.0,17,0,8,25,13,0.3,7,11,77,168,110,352,5.8,31
35,Abdoulaye Bamba,right-back,40,84.21052631578947,19,2,8,36,46,0.6,5,8,317,442,81,832,15.2,19
36,Tommaso Barbieri,right-back,3,37.5,7,1,1,0,1,0.0,2,5,28,29,21,78,1.2,4
37,Melvin Bard,left-back,160,66.29213483146067,70,1,30,96,70,1.3,60,61,603,837,409,1820,27.3,126
38,Gil Bastião Dias,left-back,10,25.0,6,0,12,14,7,0.5,5,16,46,111,97,246,4.4,33
39,Brian Bayeye,right-back,4,100.0,2,0,3,3,2,0.0,2,3,29,24,11,64,0.7,5
40,Raoul Bellanova,right-back,18,64.28571428571429,32,0,7,12,9,0.4,12,25,115,127,135,373,5.5,37
41,Héctor Bellerín,right-back,5,66.66666666666666,3,1,5,13,10,0.5,3,2,17,50,41,107,1.6,6
42,Ramy Bensebaini,left-back,70,66.66666666666666,31,10,37,101,81,2.7,24,40,685,870,345,1883,27.6,98
43,Yuri Berchiche,left-back,96,59.32203389830508,66,2,59,179,146,1.7,45,59,478,899,506,1865,26.7,95
44,Bartosz Bereszyński,right-back,55,67.85714285714286,31,0,10,51,37,0.4,23,28,288,377,230,883,15.1,47
45,Bartosz Bereszyński,right-back,55,67.85714285714286,0,0,10,51,37,0.4,23,28,288,377,230,883,15.1,47
46,Quentin Bernard,left-back,24,46.66666666666666,14,0,11,27,31,0.5,15,4,152,242,82,473,7.0,14
47,Juan Bernat,left-back,41,53.84615384615385,16,0,37,38,36,3.0,21,24,286,543,348,1170,18.3,143
48,Victor Bernth Kristiansen,left-back,41,73.33333333333333,29,1,14,31,29,0.6,8,17,234,255,123,607,9.9,24
49,Giulian Biancone,right-back,3,100.0,1,0,1,0,0,0.0,1,2,19,5,1,25,0.2,1
50,Cristiano Biraghi,left-back,79,49.23076923076923,300,0,132,161,114,5.8,51,69,534,904,793,2212,28.3,113
51,Samuele Birindelli,right-back,51,62.06896551724138,70,0,35,43,27,1.9,35,55,277,372,321,957,15.6,121
52,Lautaro Blanco,left-back,18,34.61538461538461,86,0,23,28,19,1.3,20,41,127,163,209,494,9.7,76
53,Neto Borges,left-back,116,61.33333333333333,84,4,77,100,59,3.5,57,69,566,759,576,1869,31.5,189
54,Kenji-Van Boto,left-back,4,50.0,4,0,2,2,2,0.0,5,4,24,40,20,83,2.0,10
55,Ismaëlben Boura,left-back,8,83.33333333333334,7,0,2,6,2,0.5,4,6,21,40,27,88,1.0,11
56,Domagoj Bradarić,left-back,47,43.75,68,0,42,52,40,1.5,46,63,398,609,368,1352,25.0,107
57,James Bree,right-back,11,75.0,13,0,6,5,5,0.2,4,4,71,67,75,213,4.1,12
58,Cédric Brunner,right-back,82,66.66666666666666,61,1,37,77,46,2.2,32,32,524,609,279,1402,25.7,27
59,Andreas Bruus,right-back,29,40.0,67,0,32,41,24,1.8,23,47,203,302,279,777,18.1,117
60,Joe Bryan,left-back,6,100.0,3,0,1,8,2,0.1,6,2,27,58,36,119,2.0,16
61,Lee Buchanan,left-back,26,50.0,18,1,7,21,16,0.6,4,10,125,145,86,350,5.2,20
62,Hugo Bueno,left-back,43,51.51515151515152,60,0,30,39,24,1.0,29,52,318,275,249,835,14.6,64
63,Maxime Busi,right-back,35,44.82758620689656,27,2,19,57,39,0.7,21,25,185,369,180,728,11.6,44
64,Aurélio Buta,right-back,42,55.55555555555556,62,0,31,47,35,2.3,19,45,190,395,352,928,14.6,118
65,Leonardo Buta,left-back,1,0.0,2,0,0,1,0,0.0,0,1,2,7,5,14,0.2,1
66,Jimmy Cabot,right wingback,24,46.15384615384615,50,1,31,29,19,2.0,17,26,88,162,193,432,5.7,65
67,Liberato Cacace,left-back,29,60.0,29,0,23,41,24,0.7,14,21,166,243,122,525,6.5,31
68,Anthony Caci,left-back,112,66.66666666666666,71,0,50,90,85,2.3,16,20,458,667,261,1370,22.6,41
69,Davide Calabria,right-back,96,62.29508196721312,41,0,37,108,71,1.6,23,26,414,768,307,1474,18.8,80
70,Kerim Calhanoglu,left-back,2,100.0,2,0,4,3,0,0.2,3,3,22,17,19,58,0.7,3
71,Andrea Cambiaso,left-back,83,43.07692307692308,56,0,55,83,48,1.6,59,64,620,771,423,1790,24.1,105
72,João Cancelo,right-back,86,57.44680851063831,45,2,74,167,135,4.3,63,123,449,1192,757,2377,25.4,215
73,João Cancelo,right-back,86,57.44680851063831,35,3,74,167,135,4.3,63,123,449,1192,757,2377,25.4,215
74,Antonio Candreva,right wingback,34,28.947368421052637,218,5,99,135,98,4.9,50,71,332,783,708,1802,30.3,171
75,Ander Capa,right-back,1,20.0,4,0,5,12,5,0.1,9,5,24,50,37,110,1.2,7
76,Pierrick Capelle,left wingback,51,40.0,46,0,33,66,58,1.2,24,16,194,485,227,898,15.9,40
77,Franco Carboni,left wingback,2,0.0,9,0,1,2,3,0.0,3,7,17,28,21,61,0.7,8
78,Isaac Carcelen,right-back,88,65.07936507936508,73,0,43,85,65,1.8,18,33,438,550,239,1212,24.4,62
79,Igor Carioca,right-back,23,57.14285714285714,14,2,9,22,17,0.3,13,8,115,162,74,348,5.1,23
80,Carlos,left-back,97,61.11111111111112,54,2,56,101,75,3.4,62,87,676,917,498,2073,34.3,151
81,Carmona,right-back,44,93.75,12,0,24,21,30,0.2,21,17,230,289,152,665,12.4,35
82,Carmona,right-back,44,93.75,11,0,24,21,30,0.2,21,17,230,289,152,665,12.4,35
83,Dani Carvajal,right-back,47,51.42857142857142,49,2,40,58,57,2.0,30,22,412,580,526,1512,19.8,147
84,Matty Cash,right-back,81,70.27027027027027,46,2,28,75,57,0.9,33,42,423,545,258,1215,20.2,57
85,Tommaso Cassandro,right-back,1,0.0,0,0,0,0,1,0.0,0,0,4,3,1,8,0.1,0
86,Timothy Castagne,right-back,130,48.80952380952381,58,3,51,106,89,2.2,23,39,820,920,508,2237,36.2,149
87,Jonny Castro,left-back,48,48.64864864864865,18,3,24,70,60,0.8,18,24,343,444,227,1004,14.0,46
88,Zeki Çelik,right-back,56,58.53658536585365,42,0,40,67,55,1.4,31,34,350,491,276,1102,16.7,76
89,Álex Centelles,left-back,33,72.72727272727273,46,0,24,35,32,1.1,11,17,269,244,180,686,12.5,48
90,Fabien Centonze,right-back,102,71.42857142857143,67,2,35,102,59,0.9,39,42,331,564,332,1217,18.8,125
91,Timothy Chandler,right-back,2,100.0,3,0,3,7,7,0.1,0,2,14,32,25,71,1.0,6
92,Pep Chavarría,left-back,8,20.0,13,1,19,19,7,0.5,6,13,37,75,120,229,4.1,25
93,Ilyes Cheti,left-back,10,62.5,5,0,1,4,6,0.0,1,2,62,67,22,150,2.3,7
94,Ben Chilwell,left-back,39,52.0,92,2,39,41,42,2.4,36,43,284,426,426,1133,15.6,131
95,Yanis Cimignani,left wingback,13,80.0,10,0,8,0,1,0.1,8,3,23,64,61,148,3.1,17
96,Jonathan Clauss,right-back,77,44.230769230769226,110,8,101,121,90,7.2,51,83,326,737,720,1757,28.8,240
97,Carlos Clerc,left-back,103,62.0,89,1,41,107,78,2.0,40,51,596,761,370,1714,29.3,91
98,Nathaniel Clyne,right-back,46,60.86956521739131,21,0,18,52,51,0.6,10,14,313,475,186,971,18.2,29
99,Séamus Coleman,right-back,57,65.51724137931035,22,0,21,61,35,0.9,10,13,334,416,246,990,18.4,37
100,David Čolina,left-back,8,100.0,6,0,5,6,3,0.1,4,2,28,51,34,109,1.8,7
101,Abdu Conté,left-back,31,54.54545454545454,37,2,24,56,41,1.8,21,32,285,385,206,869,14.6,91
102,Andrea Conti,right-back,0,0.0,0,0,0,1,0,0.0,0,0,0,8,3,11,0.3,2
103,Sébastien Corchia,right-back,30,50.0,43,0,15,29,18,0.4,10,21,116,200,162,468,8.7,65
104,Thierry Correia,right-back,95,57.407407407407405,87,1,43,104,101,2.1,46,60,491,687,457,1616,22.3,122
105,Danny da Costa,right-back,29,60.0,52,0,32,62,37,1.3,19,32,164,362,246,767,13.7,74
106,Jaume Costa,left-back,72,56.86274509803921,75,0,58,74,55,2.7,38,60,360,603,415,1364,28.9,123
107,Vladimír Coufal,right-back,96,70.58823529411765,113,0,52,82,68,1.7,33,53,435,580,424,1433,23.7,109
108,Yan Couto,right-back,30,60.0,63,0,45,55,33,2.1,31,56,184,295,266,734,12.9,89
109,Nicolas Cozza,left-back,62,68.29268292682927,14,1,19,52,30,0.8,16,22,315,355,136,800,15.3,36
110,Nicolas Cozza,left-back,62,68.29268292682927,0,0,19,52,30,0.8,16,22,315,355,136,800,15.3,36
111,Aaron Cresswell,left-back,48,38.70967741935484,133,1,73,145,91,2.9,26,35,507,668,438,1607,24.8,82
112,Juan Cruz Armada,left-back,37,56.52173913043478,35,0,39,68,66,1.0,15,15,404,562,206,1163,22.9,55
113,Juan Cuadrado,right-back,74,41.53846153846154,83,0,78,92,62,2.3,35,48,400,758,433,1581,23.1,125
114,Marc Cucurella,left-back,82,50.0,44,0,27,73,77,0.9,20,30,470,672,358,1490,18.6,65
115,Braian Cufré,left-back,7,40.0,1,0,3,7,4,0.1,2,3,28,54,28,110,2.4,9
116,Colin Dagba,right-back,49,73.07692307692307,35,0,23,31,26,0.8,21,26,148,258,220,617,10.6,48
117,Diogo Dalot,right-back,91,73.33333333333333,44,3,52,92,82,1.5,32,46,580,714,390,1673,23.9,85
118,Danilo,right-back,27,24.0,3,2,23,34,24,0.6,9,13,118,182,92,383,10.8,22
119,Danilo,right-back,27,24.0,3,2,23,34,24,0.6,9,13,118,182,92,383,35.4,43
120,Danilo,right-back,27,24.0,3,2,23,34,24,0.6,26,39,1054,1304,257,2597,10.8,22
121,Danilo,right-back,27,24.0,3,2,23,34,24,0.6,26,39,1054,1304,257,2597,35.4,43
122,Danilo,right-back,27,24.0,3,2,23,176,187,1.3,9,13,118,182,92,383,10.8,22
123,Danilo,right-back,27,24.0,3,2,23,176,187,1.3,9,13,118,182,92,383,35.4,43
124,Danilo,right-back,27,24.0,3,2,23,176,187,1.3,26,39,1054,1304,257,2597,10.8,22
125,Danilo,right-back,27,24.0,3,2,23,176,187,1.3,26,39,1054,1304,257,2597,35.4,43
126,Danilo,right-back,27,24.0,3,2,62,34,24,0.6,9,13,118,182,92,383,10.8,22
127,Danilo,right-back,27,24.0,3,2,62,34,24,0.6,9,13,118,182,92,383,35.4,43
128,Danilo,right-back,27,24.0,3,2,62,34,24,0.6,26,39,1054,1304,257,2597,10.8,22
129,Danilo,right-back,27,24.0,3,2,62,34,24,0.6,26,39,1054,1304,257,2597,35.4,43
130,Danilo,right-back,27,24.0,3,2,62,176,187,1.3,9,13,118,182,92,383,10.8,22
131,Danilo,right-back,27,24.0,3,2,62,176,187,1.3,9,13,118,182,92,383,35.4,43
132,Danilo,right-back,27,24.0,3,2,62,176,187,1.3,26,39,1054,1304,257,2597,10.8,22
133,Danilo,right-back,27,24.0,3,2,62,176,187,1.3,26,39,1054,1304,257,2597,35.4,43
134,Danilo,right-back,27,24.0,18,4,23,34,24,0.6,9,13,118,182,92,383,10.8,22
135,Danilo,right-back,27,24.0,18,4,23,34,24,0.6,9,13,118,182,92,383,35.4,43
136,Danilo,right-back,27,24.0,18,4,23,34,24,0.6,26,39,1054,1304,257,2597,10.8,22
137,Danilo,right-back,27,24.0,18,4,23,34,24,0.6,26,39,1054,1304,257,2597,35.4,43
138,Danilo,right-back,27,24.0,18,4,23,176,187,1.3,9,13,118,182,92,383,10.8,22
139,Danilo,right-back,27,24.0,18,4,23,176,187,1.3,9,13,118,182,92,383,35.4,43
140,Danilo,right-back,27,24.0,18,4,23,176,187,1.3,26,39,1054,1304,257,2597,10.8,22
141,Danilo,right-back,27,24.0,18,4,23,176,187,1.3,26,39,1054,1304,257,2597,35.4,43
142,Danilo,right-back,27,24.0,18,4,62,34,24,0.6,9,13,118,182,92,383,10.8,22
143,Danilo,right-back,27,24.0,18,4,62,34,24,0.6,9,13,118,182,92,383,35.4,43
144,Danilo,right-back,27,24.0,18,4,62,34,24,0.6,26,39,1054,1304,257,2597,10.8,22
145,Danilo,right-back,27,24.0,18,4,62,34,24,0.6,26,39,1054,1304,257,2597,35.4,43
146,Danilo,right-back,27,24.0,18,4,62,176,187,1.3,9,13,118,182,92,383,10.8,22
147,Danilo,right-back,27,24.0,18,4,62,176,187,1.3,9,13,118,182,92,383,35.4,43
148,Danilo,right-back,27,24.0,18,4,62,176,187,1.3,26,39,1054,1304,257,2597,10.8,22
149,Danilo,right-back,27,24.0,18,4,62,176,187,1.3,26,39,1054,1304,257,2597,35.4,43
150,Danilo,right-back,139,71.23287671232876,3,2,23,34,24,0.6,9,13,118,182,92,383,10.8,22
151,Danilo,right-back,139,71.23287671232876,3,2,23,34,24,0.6,9,13,118,182,92,383,35.4,43
152,Danilo,right-back,139,71.23287671232876,3,2,23,34,24,0.6,26,39,1054,1304,257,2597,10.8,22
153,Danilo,right-back,139,71.23287671232876,3,2,23,34,24,0.6,26,39,1054,1304,257,2597,35.4,43
154,Danilo,right-back,139,71.23287671232876,3,2,23,176,187,1.3,9,13,118,182,92,383,10.8,22
155,Danilo,right-back,139,71.23287671232876,3,2,23,176,187,1.3,9,13,118,182,92,383,35.4,43
156,Danilo,right-back,139,71.23287671232876,3,2,23,176,187,1.3,26,39,1054,1304,257,2597,10.8,22
157,Danilo,right-back,139,71.23287671232876,3,2,23,176,187,1.3,26,39,1054,1304,257,2597,35.4,43
158,Danilo,right-back,139,71.23287671232876,3,2,62,34,24,0.6,9,13,118,182,92,383,10.8,22
159,Danilo,right-back,139,71.23287671232876,3,2,62,34,24,0.6,9,13,118,182,92,383,35.4,43
160,Danilo,right-back,139,71.23287671232876,3,2,62,34,24,0.6,26,39,1054,1304,257,2597,10.8,22
161,Danilo,right-back,139,71.23287671232876,3,2,62,34,24,0.6,26,39,1054,1304,257,2597,35.4,43
162,Danilo,right-back,139,71.23287671232876,3,2,62,176,187,1.3,9,13,118,182,92,383,10.8,22
163,Danilo,right-back,139,71.23287671232876,3,2,62,176,187,1.3,9,13,118,182,92,383,35.4,43
164,Danilo,right-back,139,71.23287671232876,3,2,62,176,187,1.3,26,39,1054,1304,257,2597,10.8,22
165,Danilo,right-back,139,71.23287671232876,3,2,62,176,187,1.3,26,39,1054,1304,257,2597,35.4,43
166,Danilo,right-back,139,71.23287671232876,18,4,23,34,24,0.6,9,13,118,182,92,383,10.8,22
167,Danilo,right-back,139,71.23287671232876,18,4,23,34,24,0.6,9,13,118,182,92,383,35.4,43
168,Danilo,right-back,139,71.23287671232876,18,4,23,34,24,0.6,26,39,1054,1304,257,2597,10.8,22
169,Danilo,right-back,139,71.23287671232876,18,4,23,34,24,0.6,26,39,1054,1304,257,2597,35.4,43
170,Danilo,right-back,139,71.23287671232876,18,4,23,176,187,1.3,9,13,118,182,92,383,10.8,22
171,Danilo,right-back,139,71.23287671232876,18,4,23,176,187,1.3,9,13,118,182,92,383,35.4,43
172,Danilo,right-back,139,71.23287671232876,18,4,23,176,187,1.3,26,39,1054,1304,257,2597,10.8,22
173,Danilo,right-back,139,71.23287671232876,18,4,23,176,187,1.3,26,39,1054,1304,257,2597,35.4,43
174,Danilo,right-back,139,71.23287671232876,18,4,62,34,24,0.6,9,13,118,182,92,383,10.8,22
175,Danilo,right-back,139,71.23287671232876,18,4,62,34,24,0.6,9,13,118,182,92,383,35.4,43
176,Danilo,right-back,139,71.23287671232876,18,4,62,34,24,0.6,26,39,1054,1304,257,2597,10.8,22
177,Danilo,right-back,139,71.23287671232876,18,4,62,34,24,0.6,26,39,1054,1304,257,2597,35.4,43
178,Danilo,right-back,139,71.23287671232876,18,4,62,176,187,1.3,9,13,118,182,92,383,10.8,22
179,Danilo,right-back,139,71.23287671232876,18,4,62,176,187,1.3,9,13,118,182,92,383,35.4,43
180,Danilo,right-back,139,71.23287671232876,18,4,62,176,187,1.3,26,39,1054,1304,257,2597,10.8,22
181,Danilo,right-back,139,71.23287671232876,18,4,62,176,187,1.3,26,39,1054,1304,257,2597,35.4,43
182,Matteo Darmian,right-back,77,65.95744680851064,28,2,39,88,68,2.0,18,22,580,754,241,1564,22.5,96
183,Alphonso Davies,left-back,69,46.15384615384615,25,2,88,133,110,4.3,66,117,446,912,545,1859,22.7,158
184,Ben Davies,left-back,46,53.84615384615385,35,1,37,107,79,1.5,33,39,514,749,223,1482,25.4,69
185,Mattia De Sciglio,right-back,18,64.28571428571429,26,0,15,50,51,0.4,12,16,190,338,127,652,11.6,40
186,Lorenzo De Silvestri,right-back,6,42.85714285714285,7,1,11,31,29,0.2,12,18,172,237,81,484,7.5,17
187,Thibault De Smet,left-back,44,29.72972972972973,48,0,29,89,86,1.8,32,39,358,660,276,1280,19.5,89
188,Thomas Delaine,left-back,44,50.0,66,1,23,21,14,2.5,27,38,148,267,239,642,11.9,92
189,Fran Delgado,right-back,0,0.0,1,0,0,0,0,0.0,1,0,1,3,4,8,0.1,3
190,Fabio Depaoli,right-back,72,58.333333333333336,60,1,49,76,46,1.6,17,30,266,467,351,1070,25.6,82
191,Fabio Depaoli,right-back,72,58.333333333333336,8,1,49,76,46,1.6,17,30,266,467,351,1070,25.6,82
192,Mikkel Desler,right-back,107,64.17910447761194,42,1,49,136,104,2.6,56,59,457,936,477,1855,25.1,127
193,Sergiño Dest,right-back,16,75.0,4,0,11,14,15,0.2,3,11,75,116,61,246,3.7,12
194,Giovanni Di Lorenzo,right-back,90,51.02040816326531,88,5,111,256,177,4.4,62,73,715,1476,788,2957,36.2,182
195,Ibrahim Diakité,right-back,8,66.66666666666666,7,0,0,2,1,0.0,1,0,30,32,23,83,1.5,6
196,Baila Diallo,left-back,1,0.0,5,0,2,1,0,0.2,2,3,13,18,24,55,1.0,9
197,Ismael Diallo,left-back,76,55.55555555555556,35,4,17,70,73,0.7,33,36,517,633,177,1309,24.2,36
198,Moussa Diarra,left-back,39,60.0,13,0,16,50,30,0.6,22,21,296,344,153,789,13.6,43
199,Lucas Digne,left-back,48,60.60606060606061,77,0,29,57,40,1.9,14,29,365,396,342,1096,16.7,89
200,Dodô,left-back,65,47.82608695652174,61,2,65,141,93,2.0,58,72,464,813,462,1719,25.9,104
201,Matt Doherty,right-back,24,80.0,18,0,18,20,14,0.3,5,16,150,187,174,511,7.6,58
202,Matt Doherty,right-back,24,80.0,0,0,18,20,14,0.3,5,16,150,187,174,511,7.6,58
203,Josh Doig,left-back,30,37.5,46,0,35,27,28,1.3,24,41,191,276,256,705,15.0,61
204,Giulio Donati,right-back,8,50.0,9,0,4,21,19,0.1,6,4,151,159,44,349,4.7,8
205,Guela Doué,right-back,0,0.0,0,0,0,1,0,0.0,0,0,2,6,3,11,0.1,0
206,Souleyman Doumbia,left-back,72,54.83870967741935,48,0,32,58,46,1.7,43,52,341,586,276,1183,19.9,95
207,Cody Drameh,right-back,6,66.66666666666666,1,0,1,2,2,0.0,1,0,7,26,11,44,0.8,3
208,Denzel Dumfries,right wingback,47,64.70588235294117,82,1,71,59,32,3.9,32,62,266,551,467,1263,24.6,172
209,Festy Ebosele,right-back,17,40.0,16,1,11,17,9,0.5,18,27,64,82,97,233,4.6,22
210,Enzo Ebosse,left-back,26,69.23076923076923,15,0,8,51,43,0.1,7,11,292,306,72,667,10.3,20
211,Tyronne Ebuehi,right-back,34,69.23076923076923,28,0,29,41,26,1.1,21,31,452,437,210,1089,21.4,42
212,Kingsley Ehizibue,right-back,59,64.44444444444444,37,0,32,42,33,1.1,18,30,279,296,243,812,17.8,72
213,Kingsley Ehizibue,right-back,59,64.44444444444444,0,0,32,42,33,1.1,18,30,279,296,243,812,17.8,72
214,Julian Eitschberger,right-back,0,0.0,0,0,0,0,0,0.0,0,0,1,0,1,2,0.0,0
215,Emerson,right-back,72,67.5,46,2,36,80,58,1.0,32,47,481,505,346,1323,19.3,103
216,Sergio Escudero,left-back,59,42.85714285714285,56,0,35,40,30,1.6,16,17,320,371,255,937,16.0,37
217,Alfonso Espino,left-back,135,50.0,110,4,70,107,84,3.7,34,53,672,871,480,1994,34.7,129
218,Pervis Estupiñán,left-back,98,58.333333333333336,101,5,87,157,103,4.1,55,91,506,1076,649,2211,29.7,183
219,Kimberly Ezekwem,left-back,0,0.0,0,0,0,0,1,0.0,0,0,3,6,0,9,0.1,2
220,Nicolás Ezequiel Fernández,left-back,28,52.94117647058824,33,1,21,29,14,1.1,10,21,61,123,134,314,5.7,53
221,Fábio,right-back,7,66.66666666666666,6,0,10,11,5,0.7,6,4,32,64,53,149,2.5,18
222,Noah Fadiga,right-back,56,53.84615384615385,10,0,15,63,39,0.6,30,43,218,403,175,790,14.5,36
223,Davide Faraoni,right-back,49,39.02439024390244,37,1,28,54,34,0.7,9,11,226,335,213,770,16.5,33
224,Cheikh Faye,right-back,1,0.0,0,0,0,0,0,0.0,0,0,1,9,5,15,0.4,3
225,Kiko Femenía,right-back,38,72.22222222222221,31,0,24,66,49,0.4,27,36,299,377,211,877,12.6,47
226,Valery Fernández,right-back,22,55.55555555555556,23,0,29,20,12,0.7,7,18,86,179,199,461,10.7,84
227,Salvador Ferrer,right-back,5,33.33333333333333,1,0,2,1,3,0.0,0,0,50,50,13,113,1.5,2
228,Karol Fila,right-back,1,0.0,3,0,3,4,5,0.0,1,4,3,19,25,46,0.5,4
229,Junior Firpo,left-back,71,52.17391304347826,12,1,21,54,38,0.7,16,20,286,368,146,792,15.2,34
230,Kilian Fischer,right-back,14,54.54545454545454,12,0,7,23,19,0.3,5,6,113,137,78,327,5.6,21
231,Alessandro Florenzi,right-back,10,57.14285714285714,22,0,9,10,8,1.1,1,1,42,82,71,195,2.3,19
232,Thomas Foket,right-back,68,36.95652173913043,57,0,39,94,67,2.9,38,56,368,657,429,1442,22.0,154
233,Timothy Fosu-Mensah,right-back,7,100.0,4,0,5,7,2,0.2,2,3,34,65,39,138,2.1,8
234,Dimitri Foulquier,right-back,45,71.42857142857143,86,0,29,70,61,2.0,34,51,306,491,332,1116,19.3,84
235,Juan Foyth,right-back,93,71.9298245614035,10,4,29,100,90,1.4,36,47,516,783,264,1545,21.8,18
236,Raphael Framberger,right-back,12,60.0,4,0,1,3,2,0.1,0,0,32,37,21,88,2.0,3
237,Przemysław Frankowski,left wingback,118,48.75,255,2,123,132,92,6.9,49,51,428,815,904,2126,31.5,237
238,Ryan Fredericks,right-back,4,25.0,15,0,5,15,5,0.3,9,13,88,109,84,279,5.9,28
239,Iván Fresneda,right-back,63,61.70212765957447,59,1,39,62,55,1.2,26,48,390,497,284,1163,19.4,101
240,Jeremie Frimpong,right-back,69,52.27272727272727,70,0,103,62,39,6.3,103,155,349,670,636,1621,30.1,250
241,Javi Galán,left-back,145,48.97959183673469,162,2,93,125,76,4.2,104,141,712,1045,788,2506,35.1,244
242,Antonino Gallo,left-back,69,66.66666666666666,89,0,64,154,121,2.1,44,71,472,646,415,1509,27.6,65
243,Cristian Gamboa,right-back,58,67.74193548387096,43,1,28,56,57,0.7,9,10,295,393,147,830,16.4,21
244,Fran Garcia,left-back,128,57.29166666666666,156,1,71,147,139,2.0,142,183,645,1109,728,2441,37.9,167
245,Rubén García,right-back,32,29.166666666666668,79,6,54,40,23,2.2,13,16,100,277,339,711,12.9,92
246,Valentin Gendrey,right-back,125,56.33802816901409,74,1,49,112,72,1.8,34,47,616,778,436,1811,34.5,107
247,Paolo Ghiglione,right wingback,20,43.47826086956522,39,0,19,19,17,0.6,7,5,106,135,122,359,7.9,35
248,Faouzi Ghoulam,left-back,7,60.0,38,0,17,19,11,0.5,6,4,114,162,89,364,5.3,20
249,Niko Gießelmann,left-back,30,41.935483870967744,88,0,47,50,36,1.9,8,14,254,322,319,889,14.5,50
250,Óscar Gil,right-back,94,52.459016393442624,38,1,33,47,29,1.9,24,39,406,570,371,1334,28.4,111
251,Sergio Gómez,left-back,11,62.5,8,0,7,18,24,1.1,10,10,75,198,87,358,3.9,20
252,Giovanni González,right-back,23,40.909090909090914,20,0,12,28,19,0.6,7,10,170,228,111,506,10.3,39
253,Andoni Gorosabel,right-back,58,60.46511627906976,41,0,30,68,42,1.7,30,42,288,589,335,1205,19.0,75
254,Robin Gosens,left wingback,57,60.0,43,1,41,41,34,2.9,18,29,194,309,314,813,13.2,102
255,Gabriel Gudmundsson,left-back,29,54.54545454545454,33,0,22,31,22,1.5,25,44,142,247,180,563,9.3,57
256,Raphaël Guerreiro,left-back,72,61.76470588235294,114,5,111,191,135,7.8,59,85,433,951,666,2028,25.4,163
257,Frederic Guilbert,right-back,90,58.13953488372093,55,0,32,52,35,1.3,25,21,251,571,264,1065,16.2,52
258,Robert Gumny,right-back,60,40.74074074074074,27,0,31,56,30,0.9,20,23,383,432,233,1036,22.4,59
259,Christian Günter,left-back,45,30.23255813953488,198,1,101,77,55,5.3,33,43,337,680,576,1583,30.5,128
260,Malo Gusto,right-back,70,48.837209302325576,116,1,50,82,85,4.1,73,66,351,772,513,1617,17.7,147
261,Miguel Gutiérrez,left-back,59,62.16216216216216,104,2,55,125,92,3.1,43,81,466,697,482,1628,26.6,148
262,Jaouen Hadjam,left-back,39,64.0,28,0,23,45,30,0.4,20,22,161,303,141,593,8.9,39
263,Massadio Haïdara,left-back,60,50.0,26,1,18,85,62,1.5,29,23,345,611,237,1188,18.6,58
264,Achraf Hakimi,right-back,70,52.54237288135594,42,1,75,99,49,5.3,66,85,361,716,713,1772,22.8,229
265,Lewis Hall,left-back,34,68.18181818181817,34,0,26,25,25,1.4,9,19,165,207,168,534,7.3,41
266,Marcel Halstenberg,left-back,61,56.09756097560976,45,0,37,59,49,1.8,19,22,408,653,282,1330,17.3,66
267,Mathis Hamdi,left-back,1,0.0,2,0,0,1,1,0.0,0,0,14,16,14,44,0.8,7
268,Hans Hateboer,right-back,33,40.74074074074074,23,2,22,55,28,1.4,14,16,220,343,263,823,15.5,73
269,Jonas Hector,left-back,151,58.4070796460177,114,1,74,129,86,4.3,44,54,668,1061,545,2247,31.4,122
270,Benjamin Henrichs,right-back,108,65.15151515151516,47,4,55,109,92,3.5,36,48,520,872,479,1856,24.3,149
271,Henrique,left-back,14,46.15384615384615,4,0,3,11,8,0.2,4,3,66,150,46,260,4.0,4
272,Rico Henry,left-back,87,53.65853658536586,87,4,51,107,73,2.9,41,55,478,647,482,1582,36.0,111
273,Javi Hernández,left-back,28,61.90476190476191,16,0,24,78,56,0.6,24,41,289,432,157,870,12.4,25
274,Mario Hernández,right-back,5,42.85714285714285,1,2,2,3,3,0.0,0,4,9,27,12,48,1.1,0
275,Theo Hernández,left-back,64,57.89473684210527,92,1,87,128,90,2.9,80,108,495,1026,584,2077,30.8,146
276,Aaron Hickey,left-back,55,56.25,27,2,20,81,62,0.6,17,41,328,499,211,1028,21.3,47
277,Omar El Hilali,right-back,4,50.0,2,0,2,0,0,0.0,0,0,30,15,10,55,1.0,5
278,Emil Holm,right-back,35,51.61290322580645,50,1,36,40,30,1.1,24,41,179,318,318,804,15.5,82
279,Jannes Horn,left-back,5,100.0,0,0,0,0,0,0.0,0,0,22,3,2,27,0.7,0
280,Elseid Hysaj,right-back,59,56.09756097560976,16,2,38,103,101,1.1,27,36,542,825,235,1589,22.2,60
281,Iago,left-back,51,37.93103448275862,43,1,40,53,33,1.7,12,27,301,396,259,948,17.8,49
282,Iglesias,right-back,82,50.76923076923077,86,2,40,50,41,1.4,34,39,381,545,349,1259,23.8,100
283,Ismaily,left-back,62,53.125,15,1,42,95,67,2.2,45,40,325,668,379,1359,19.8,116
284,Ismail Jakobs,left-back,20,41.66666666666667,61,1,30,46,36,1.4,31,39,145,311,299,749,12.4,109
285,Reece James,right-back,43,78.94736842105263,91,0,47,90,60,2.9,26,52,256,543,395,1187,13.8,115
286,Saidy Janko,right-back,34,60.0,22,0,5,29,26,0.2,22,23,204,305,100,600,12.6,27
287,Léo Jardim,left-back,0,0.0,0,0,0,0,0,0.0,0,0,159,0,0,159,6.0,0
288,Dany Jean,left wingback,0,0.0,0,0,1,2,0,0.1,1,1,1,4,8,13,0.1,2
289,Ben Johnson,right-back,29,66.66666666666666,16,0,8,37,27,0.4,6,15,256,289,87,627,9.6,22
290,Paul Joly,right-back,57,54.285714285714285,36,1,18,41,34,0.6,27,19,283,328,179,783,9.6,48
291,Anthony Jung,left-back,68,53.44827586206896,46,0,40,73,56,1.7,21,28,569,767,361,1687,29.1,109
292,Josip Juranović,right-back,15,38.88888888888889,74,0,30,27,22,1.7,3,11,154,215,194,552,10.4,33
293,James Justin,right-back,35,64.28571428571429,21,0,21,47,48,0.5,19,20,296,475,216,980,13.9,50
294,Issa Kaboré,right-back,45,65.625,48,0,35,54,23,1.3,27,39,155,290,299,734,11.4,130
295,Pavel Kadeřábek,right-back,40,65.21739130434783,74,1,38,61,46,3.9,25,30,231,429,371,1024,18.5,114
296,Gedeon Kalulu,right-back,92,62.5,29,0,41,106,82,1.2,48,58,609,745,314,1653,27.1,82
297,Waren Kamanzi,right-back,24,68.42105263157895,6,0,11,22,17,0.2,22,22,138,187,109,431,7.4,28
298,Rick Karsdorp,right-back,28,59.09090909090909,14,3,16,24,13,1.1,8,16,156,185,110,444,7.9,33
299,Denso Kasius,right-back,15,80.0,12,0,15,9,6,0.8,10,9,75,105,65,243,3.8,21
300,Kenedy,left wingback,7,50.0,5,0,6,4,7,0.6,1,4,18,59,58,131,3.1,21
301,Jonjoe Kenny,right-back,92,57.14285714285714,54,0,44,98,89,1.7,24,30,507,717,269,1477,24.9,59
302,Sead Kolašinac,left-back,95,64.86486486486487,20,1,27,109,93,1.7,37,49,408,831,322,1547,24.6,86
303,Youssouf Koné,left-back,40,72.0,27,0,6,23,22,0.1,10,14,218,265,54,531,10.2,16
304,Filip Kostić,left wingback,60,44.680851063829785,227,4,94,82,45,4.9,55,104,247,611,694,1533,29.3,233
305,Filip Kostić,left wingback,60,44.680851063829785,7,0,94,82,45,4.9,55,104,247,611,694,1533,29.3,233
306,Jules Koundé,right-back,56,67.74193548387096,36,4,41,185,176,2.3,52,58,675,1215,362,2234,27.0,61
307,Emil Krafth,right-back,0,0.0,0,0,0,0,0,0.0,0,0,1,0,0,1,0.0,0
308,Lukas Kübler,right-back,66,60.0,33,1,18,57,59,0.7,10,11,345,486,191,1017,18.2,50
309,Sael Kumbedi,right-back,57,52.63157894736842,32,1,24,40,30,1.5,31,16,271,463,262,991,14.7,84
310,Layvin Kurzawa,left-back,5,100.0,2,0,0,2,1,0.0,0,1,35,18,11,64,1.5,2
311,Giorgos Kyriakopoulos,left-back,49,27.027027027027028,38,0,46,55,45,2.0,15,38,277,381,349,995,16.3,96
312,Giorgos Kyriakopoulos,left-back,49,27.027027027027028,39,0,46,55,45,2.0,15,38,277,381,349,995,16.3,96
313,Stefan Lainer,right-back,30,43.47826086956522,18,2,13,45,38,1.3,8,23,203,383,136,720,9.1,39
314,Kenny Lala,right-back,57,57.89473684210527,64,2,40,61,46,2.3,22,24,368,463,215,1029,15.7,30
315,Tariq Lamptey,right-back,18,71.42857142857143,31,1,14,26,14,0.7,12,28,80,138,161,376,5.0,58
316,Juan Larios,left-back,10,100.0,4,0,1,4,5,0.0,2,10,32,55,20,106,1.7,1
317,Yasser Larouci,left-back,49,62.5,50,5,35,63,40,1.3,49,72,324,485,289,1073,20.0,113
318,Toni Lato,left-back,29,42.85714285714285,32,1,28,40,32,1.0,15,18,149,247,191,583,10.2,47
319,Valentino Lazaro,right-back,13,42.85714285714285,86,0,51,74,48,2.5,25,44,200,433,394,1017,15.3,84
320,Darko Lazović,left wingback,40,44.82758620689656,123,6,67,81,49,5.3,37,72,197,411,461,1052,24.9,167
321,Manuel Lazzari,right-back,51,58.333333333333336,36,0,29,64,49,0.9,62,98,433,657,310,1380,20.9,74
322,Julien Le Cardinal,right-back,8,66.66666666666666,10,0,7,8,8,0.4,9,4,28,69,57,153,1.8,13
323,Vincent Le Goff,left-back,116,72.58064516129032,39,2,38,178,135,1.7,57,69,848,1158,371,2358,37.0,84
324,Iñigo Lekue,right-back,37,63.1578947368421,43,0,30,64,57,0.7,25,42,265,450,249,951,14.7,59
325,Dexter Lembikisa,left-back,0,0.0,1,0,1,3,2,0.0,0,2,3,7,3,13,0.3,3
326,Christopher Lenz,left-back,50,43.24324324324324,93,0,41,63,46,3.1,24,30,249,439,288,966,14.3,67
327,Jamal Lewis,left-back,0,0.0,0,0,0,1,0,0.0,1,0,6,4,5,15,0.1,1
328,Rico Lewis,right-back,22,54.54545454545454,5,1,27,48,38,1.6,24,22,133,416,199,742,10.0,26
329,Pol Lirola,right-back,20,61.53846153846154,32,0,19,19,10,0.6,18,21,126,159,117,396,7.0,35
330,Valentino Livramento,right-back,4,0.0,0,0,0,0,1,0.0,0,0,19,16,3,37,0.3,0
331,Bradley Locko,left-back,57,56.66666666666666,13,1,26,62,52,0.7,19,42,274,365,167,789,14.8,44
332,Bradley Locko,left-back,57,56.66666666666666,6,0,26,62,52,0.7,19,42,274,365,167,789,14.8,44
333,Renan Lodi,left-back,85,50.0,75,0,30,31,25,1.3,15,24,478,418,263,1143,24.6,70
334,Jordan Lotomba,right-back,97,64.58333333333334,48,2,55,106,70,1.4,72,82,506,857,385,1720,27.3,99
335,José Luis Gayà,left-back,103,58.108108108108105,213,2,94,124,94,5.6,69,74,570,734,703,1985,30.1,200
336,Charalambos Lykogiannis,left-back,31,38.46153846153847,69,1,29,60,51,1.5,19,32,226,403,234,855,12.3,47
337,Deiver Machado,left-back,66,61.76470588235294,60,0,42,54,33,2.6,41,59,269,484,364,1105,24.3,131
338,Pablo Maffeo,right-back,101,57.692307692307686,123,2,62,61,53,2.7,52,67,462,660,499,1599,33.1,134
339,Ainsley Maitland-Niles,right wingback,67,63.63636363636363,20,2,24,57,52,0.7,13,15,328,440,155,912,15.6,35
340,Tyrell Malacia,left-back,71,56.00000000000001,15,0,19,44,36,0.7,17,19,378,392,225,989,15.5,33
341,Lorenzo Malagrida,left wingback,1,33.33333333333333,2,0,2,4,1,0.1,0,1,6,27,18,51,1.2,10
342,Hugo Mallo,right-back,77,66.66666666666666,67,1,50,93,89,2.6,22,27,549,744,415,1694,24.0,108
343,Reinildo Mandava,left-back,96,77.55102040816327,16,0,23,70,51,0.8,20,28,501,658,143,1297,20.6,41
344,Javier Manquillo,right-back,4,100.0,1,0,1,4,1,0.0,0,2,11,16,9,36,0.4,1
345,Faitout Maouassa,left-back,72,43.90243902439025,81,1,57,51,30,1.9,41,37,223,383,334,924,21.4,108
346,Solly March,left wingback,77,28.57142857142857,155,3,140,135,63,6.3,48,110,191,521,962,1659,30.2,357
347,Riccardo Marchizza,left-back,4,50.0,18,0,8,15,10,0.1,6,3,51,106,48,205,3.1,15
348,Óscar de Marcos,right-back,96,52.63157894736842,130,0,75,204,170,4.5,68,76,525,1042,671,2218,31.3,153
349,Aarón Martín,left-back,57,52.5,145,0,59,86,68,3.4,19,25,303,523,380,1191,20.5,61
350,Arnau Martinez,right-back,94,44.70588235294118,60,3,75,113,80,3.2,31,64,631,861,427,1902,30.4,98
351,Adam Marušić,right-back,79,64.1025641025641,17,0,35,116,107,1.2,39,38,795,1005,260,2049,30.7,43
352,Adam Masina,left-back,20,40.0,10,1,5,24,26,0.3,3,4,243,219,41,496,8.8,6
353,Henning Matriciani,right-back,66,43.333333333333336,20,0,21,51,38,0.5,17,21,505,463,137,1089,20.7,10
354,Philipp Max,left-back,15,31.25,60,0,31,34,28,2.4,7,14,107,230,206,541,7.7,52
355,Noussair Mazraoui,right-back,39,62.5,22,2,33,99,58,1.7,26,39,252,449,282,977,11.9,81
356,Pasquale Mazzocchi,right-back,42,45.94594594594595,90,2,63,60,37,2.0,55,70,348,469,398,1196,21.8,102
357,Kevin Mbabu,right-back,6,33.33333333333333,7,0,3,8,4,0.4,2,4,38,40,38,114,1.6,11
358,Fernando Medrano,left-back,3,100.0,0,0,0,0,0,0.0,0,0,5,1,0,6,0.1,0
359,Birger Meling,left-back,47,48.0,18,2,18,91,57,1.8,27,37,196,480,253,925,13.4,74
360,Houboulang Mendes,right-back,26,40.74074074074074,31,0,9,18,14,0.2,10,18,160,183,97,436,9.8,30
361,Nuno Mendes,left-back,62,73.17073170731707,30,2,45,77,56,3.6,35,51,242,417,495,1139,17.2,195
362,Antoine Mendy,right-back,24,60.0,13,0,17,21,11,0.3,5,2,122,186,88,394,5.8,37
363,Arial Mendy,left-back,8,100.0,10,0,5,7,7,0.3,4,6,45,57,46,147,2.5,22
364,Ferland Mendy,left-back,35,60.0,7,0,28,56,54,0.6,25,23,265,426,287,971,15.0,73
365,Gideon Mensah,left-back,118,57.14285714285714,67,2,50,116,97,2.1,63,56,531,852,384,1734,25.1,110
366,Quentin Merlin,left-back,55,47.368421052631575,113,1,58,94,73,3.3,40,43,326,664,387,1356,19.9,96
367,Thomas Meunier,right-back,25,58.82352941176471,16,1,17,30,27,0.8,7,9,131,213,162,503,6.5,45
368,Juan Miranda,left-back,43,48.27586206896552,73,2,38,73,55,2.4,22,26,298,418,306,1014,16.4,87
369,Filippo Missori,right-back,7,50.0,2,0,0,0,1,0.0,0,1,41,25,16,82,2.0,3
370,Tyrick Mitchell,left-back,113,56.60377358490566,70,0,33,106,90,1.2,19,23,654,834,431,1899,32.1,90
371,Maximilian Mittelstädt,left-back,65,43.58974358974359,39,1,23,37,29,1.2,19,29,223,281,126,616,9.4,29
372,Johan Mojica,left-back,27,58.333333333333336,40,0,16,28,23,1.2,26,41,202,250,221,667,10.1,49
373,Johan Mojica,left-back,27,58.333333333333336,14,0,16,28,23,1.2,26,41,202,250,221,667,10.1,49
374,Nahuel Molina,right-back,87,42.85714285714285,120,7,92,112,74,4.0,43,73,696,833,709,2229,31.9,249
375,Salvatore Molina,right wingback,7,80.0,14,0,5,7,4,0.3,5,9,29,47,65,139,2.5,22
376,Gonzalo Montiel,right-back,45,51.72413793103448,39,3,41,57,53,2.5,28,34,291,433,310,1023,16.9,87
377,Martín Montoya,right-back,22,83.33333333333334,10,0,7,16,12,0.6,2,6,95,161,48,302,5.0,12
378,Alberto Moreno,left-back,46,45.83333333333333,36,1,28,47,18,1.9,32,41,247,298,331,872,14.4,97
379,Álex Moreno,left-back,76,86.11111111111111,48,1,54,81,53,4.0,65,114,618,702,530,1832,29.8,198
380,Álex Moreno,left-back,76,86.11111111111111,28,0,54,81,53,4.0,65,114,618,702,530,1832,29.8,198
381,João Moutinho,left-back,69,41.30434782608695,59,7,66,132,105,1.9,23,23,243,658,325,1218,19.8,32
382,João Moutinho,left-back,69,41.30434782608695,59,7,66,132,105,1.9,23,23,243,658,325,1218,0.6,2
383,João Moutinho,left-back,69,41.30434782608695,59,7,66,132,105,1.9,1,0,11,20,20,51,19.8,32
384,João Moutinho,left-back,69,41.30434782608695,59,7,66,132,105,1.9,1,0,11,20,20,51,0.6,2
385,João Moutinho,left-back,69,41.30434782608695,59,7,66,1,4,0.0,23,23,243,658,325,1218,19.8,32
386,João Moutinho,left-back,69,41.30434782608695,59,7,66,1,4,0.0,23,23,243,658,325,1218,0.6,2
387,João Moutinho,left-back,69,41.30434782608695,59,7,66,1,4,0.0,1,0,11,20,20,51,19.8,32
388,João Moutinho,left-back,69,41.30434782608695,59,7,66,1,4,0.0,1,0,11,20,20,51,0.6,2
389,João Moutinho,left-back,69,41.30434782608695,59,7,1,132,105,1.9,23,23,243,658,325,1218,19.8,32
390,João Moutinho,left-back,69,41.30434782608695,59,7,1,132,105,1.9,23,23,243,658,325,1218,0.6,2
391,João Moutinho,left-back,69,41.30434782608695,59,7,1,132,105,1.9,1,0,11,20,20,51,19.8,32
392,João Moutinho,left-back,69,41.30434782608695,59,7,1,132,105,1.9,1,0,11,20,20,51,0.6,2
393,João Moutinho,left-back,69,41.30434782608695,59,7,1,1,4,0.0,23,23,243,658,325,1218,19.8,32
394,João Moutinho,left-back,69,41.30434782608695,59,7,1,1,4,0.0,23,23,243,658,325,1218,0.6,2
395,João Moutinho,left-back,69,41.30434782608695,59,7,1,1,4,0.0,1,0,11,20,20,51,19.8,32
396,João Moutinho,left-back,69,41.30434782608695,59,7,1,1,4,0.0,1,0,11,20,20,51,0.6,2
397,João Moutinho,left-back,69,41.30434782608695,3,0,66,132,105,1.9,23,23,243,658,325,1218,19.8,32
398,João Moutinho,left-back,69,41.30434782608695,3,0,66,132,105,1.9,23,23,243,658,325,1218,0.6,2
399,João Moutinho,left-back,69,41.30434782608695,3,0,66,132,105,1.9,1,0,11,20,20,51,19.8,32
400,João Moutinho,left-back,69,41.30434782608695,3,0,66,132,105,1.9,1,0,11,20,20,51,0.6,2
401,João Moutinho,left-back,69,41.30434782608695,3,0,66,1,4,0.0,23,23,243,658,325,1218,19.8,32
402,João Moutinho,left-back,69,41.30434782608695,3,0,66,1,4,0.0,23,23,243,658,325,1218,0.6,2
403,João Moutinho,left-back,69,41.30434782608695,3,0,66,1,4,0.0,1,0,11,20,20,51,19.8,32
404,João Moutinho,left-back,69,41.30434782608695,3,0,66,1,4,0.0,1,0,11,20,20,51,0.6,2
405,João Moutinho,left-back,69,41.30434782608695,3,0,1,132,105,1.9,23,23,243,658,325,1218,19.8,32
406,João Moutinho,left-back,69,41.30434782608695,3,0,1,132,105,1.9,23,23,243,658,325,1218,0.6,2
407,João Moutinho,left-back,69,41.30434782608695,3,0,1,132,105,1.9,1,0,11,20,20,51,19.8,32
408,João Moutinho,left-back,69,41.30434782608695,3,0,1,132,105,1.9,1,0,11,20,20,51,0.6,2
409,João Moutinho,left-back,69,41.30434782608695,3,0,1,1,4,0.0,23,23,243,658,325,1218,19.8,32
410,João Moutinho,left-back,69,41.30434782608695,3,0,1,1,4,0.0,23,23,243,658,325,1218,0.6,2
411,João Moutinho,left-back,69,41.30434782608695,3,0,1,1,4,0.0,1,0,11,20,20,51,19.8,32
412,João Moutinho,left-back,69,41.30434782608695,3,0,1,1,4,0.0,1,0,11,20,20,51,0.6,2
413,João Moutinho,left-back,7,75.0,59,7,66,132,105,1.9,23,23,243,658,325,1218,19.8,32
414,João Moutinho,left-back,7,75.0,59,7,66,132,105,1.9,23,23,243,658,325,1218,0.6,2
415,João Moutinho,left-back,7,75.0,59,7,66,132,105,1.9,1,0,11,20,20,51,19.8,32
416,João Moutinho,left-back,7,75.0,59,7,66,132,105,1.9,1,0,11,20,20,51,0.6,2
417,João Moutinho,left-back,7,75.0,59,7,66,1,4,0.0,23,23,243,658,325,1218,19.8,32
418,João Moutinho,left-back,7,75.0,59,7,66,1,4,0.0,23,23,243,658,325,1218,0.6,2
419,João Moutinho,left-back,7,75.0,59,7,66,1,4,0.0,1,0,11,20,20,51,19.8,32
420,João Moutinho,left-back,7,75.0,59,7,66,1,4,0.0,1,0,11,20,20,51,0.6,2
421,João Moutinho,left-back,7,75.0,59,7,1,132,105,1.9,23,23,243,658,325,1218,19.8,32
422,João Moutinho,left-back,7,75.0,59,7,1,132,105,1.9,23,23,243,658,325,1218,0.6,2
423,João Moutinho,left-back,7,75.0,59,7,1,132,105,1.9,1,0,11,20,20,51,19.8,32
424,João Moutinho,left-back,7,75.0,59,7,1,132,105,1.9,1,0,11,20,20,51,0.6,2
425,João Moutinho,left-back,7,75.0,59,7,1,1,4,0.0,23,23,243,658,325,1218,19.8,32
426,João Moutinho,left-back,7,75.0,59,7,1,1,4,0.0,23,23,243,658,325,1218,0.6,2
427,João Moutinho,left-back,7,75.0,59,7,1,1,4,0.0,1,0,11,20,20,51,19.8,32
428,João Moutinho,left-back,7,75.0,59,7,1,1,4,0.0,1,0,11,20,20,51,0.6,2
429,João Moutinho,left-back,7,75.0,3,0,66,132,105,1.9,23,23,243,658,325,1218,19.8,32
430,João Moutinho,left-back,7,75.0,3,0,66,132,105,1.9,23,23,243,658,325,1218,0.6,2
431,João Moutinho,left-back,7,75.0,3,0,66,132,105,1.9,1,0,11,20,20,51,19.8,32
432,João Moutinho,left-back,7,75.0,3,0,66,132,105,1.9,1,0,11,20,20,51,0.6,2
433,João Moutinho,left-back,7,75.0,3,0,66,1,4,0.0,23,23,243,658,325,1218,19.8,32
434,João Moutinho,left-back,7,75.0,3,0,66,1,4,0.0,23,23,243,658,325,1218,0.6,2
435,João Moutinho,left-back,7,75.0,3,0,66,1,4,0.0,1,0,11,20,20,51,19.8,32
436,João Moutinho,left-back,7,75.0,3,0,66,1,4,0.0,1,0,11,20,20,51,0.6,2
437,João Moutinho,left-back,7,75.0,3,0,1,132,105,1.9,23,23,243,658,325,1218,19.8,32
438,João Moutinho,left-back,7,75.0,3,0,1,132,105,1.9,23,23,243,658,325,1218,0.6,2
439,João Moutinho,left-back,7,75.0,3,0,1,132,105,1.9,1,0,11,20,20,51,19.8,32
440,João Moutinho,left-back,7,75.0,3,0,1,132,105,1.9,1,0,11,20,20,51,0.6,2
441,João Moutinho,left-back,7,75.0,3,0,1,1,4,0.0,23,23,243,658,325,1218,19.8,32
442,João Moutinho,left-back,7,75.0,3,0,1,1,4,0.0,23,23,243,658,325,1218,0.6,2
443,João Moutinho,left-back,7,75.0,3,0,1,1,4,0.0,1,0,11,20,20,51,19.8,32
444,João Moutinho,left-back,7,75.0,3,0,1,1,4,0.0,1,0,11,20,20,51,0.6,2
445,Nordi Mukiele,right-back,45,65.51724137931035,16,0,20,26,17,1.4,10,19,236,387,189,801,12.6,57
446,Mert Müldür,right-back,0,0.0,0,0,0,0,0,0.0,0,0,2,1,0,3,0.1,0
447,Aihen Muñoz,left-back,47,46.80851063829788,54,0,36,57,48,1.1,32,37,340,531,366,1226,19.5,87
448,Nicola Murru,left-back,34,53.84615384615385,9,0,5,27,21,0.3,6,7,178,185,58,418,8.7,13
449,Vitaliy Mykolenko,left-back,104,54.90196078431373,57,1,46,100,84,0.9,33,31,576,693,370,1625,29.5,72
450,Joakim Mæhle,right-back,56,56.41025641025641,38,1,81,137,71,2.9,64,81,347,697,683,1707,24.5,186
451,Jesús Navas,right-back,41,50.0,135,2,60,99,60,3.2,33,46,359,537,621,1506,22.0,207
452,Luca Netz,left-back,31,59.375,6,1,15,12,11,1.0,10,12,155,184,113,446,7.8,32
453,Rasmus Nissen,right-back,97,55.26315789473685,35,0,35,89,63,0.9,10,15,470,529,282,1276,21.8,70
454,Álvaro Odriozola,right-back,0,0.0,3,0,3,2,1,0.1,0,4,7,15,10,32,0.4,5
455,Lucas Olaza,left-back,38,65.38461538461539,71,0,29,66,34,1.0,15,12,263,404,268,929,16.6,90
456,Brian Oliván,left-back,69,65.38461538461539,140,0,53,80,69,3.9,19,48,391,541,402,1327,26.7,139
457,Lucas Oliveira Rosa,right-back,54,60.0,37,1,19,22,8,0.7,17,24,168,218,191,572,10.3,61
458,Mathías Olivera,left-back,61,51.16279069767442,19,1,43,88,100,2.0,44,60,360,805,432,1588,18.3,68
459,Jordi Osei-Tutu,right wingback,33,52.17391304347826,15,0,16,19,11,0.3,13,25,95,125,135,350,8.3,39
460,Paulo Otávio,left-back,102,66.66666666666666,68,2,39,98,69,3.3,24,41,508,676,338,1507,22.7,84
461,Thomas Ouwejan,left-back,33,60.0,96,0,29,41,21,1.7,13,14,172,245,196,604,10.0,21
462,Helibelton Palacios,right-back,58,73.07692307692307,18,0,21,51,49,0.9,17,25,427,497,122,1030,21.3,25
463,Emerson Palmieri,left-back,41,50.0,47,0,29,45,37,0.8,26,38,241,386,273,894,14.7,57
464,Fabiano Parisi,left-back,106,41.66666666666667,59,1,62,154,99,1.5,75,102,727,930,483,2094,31.4,68
465,Raúl Parra,right-back,5,44.44444444444444,6,0,2,7,7,0.1,2,0,58,67,17,142,3.4,4
466,Felix Passlack,right-back,4,100.0,2,1,6,8,3,0.2,1,1,13,25,10,47,0.7,3
467,Nathan Patterson,right-back,64,54.71698113207547,39,1,20,24,21,0.7,12,16,310,295,238,836,14.2,51
468,Benjamin Pavard,right-back,114,75.0,45,2,45,202,184,3.9,21,37,1017,1351,337,2699,27.0,65
469,Kristian Pedersen,left-back,11,0.0,4,0,1,10,7,0.0,0,6,94,91,31,215,3.1,3
470,Mads Pedersen,left-back,64,66.66666666666666,46,0,43,46,31,0.9,29,35,325,364,261,931,20.4,51
471,Alfonso Pedraza,left-back,53,65.51724137931035,76,0,39,31,22,1.3,46,68,287,352,423,1048,18.1,145
472,Adrià Pedrosa,left-back,10,57.14285714285714,9,1,7,4,2,1.0,6,7,30,38,49,115,2.5,21
473,Peter Pekarík,right-back,8,66.66666666666666,4,0,1,7,4,0.1,0,2,58,66,15,137,2.3,1
474,Luca Pellegrini,left-back,28,75.0,15,0,30,31,25,1.2,20,26,167,312,241,712,8.2,39
475,Luca Pellegrini,left-back,28,75.0,54,1,30,31,25,1.2,20,26,167,312,241,712,8.2,39
476,Timothee Pembele,right-back,9,50.0,4,0,4,5,2,0.4,2,4,30,43,41,113,2.9,20
477,Rubén Peña,right-back,49,48.78048780487805,54,0,21,61,37,1.4,28,32,212,360,255,814,14.2,59
478,Brayann Pereira,right-back,8,20.0,9,0,0,4,1,0.0,2,4,40,39,34,112,2.0,8
479,Ricardo Pereira,right-back,15,41.17647058823529,16,0,15,27,25,0.6,9,5,116,183,90,383,5.0,14
480,Luis Pérez,right-back,60,71.05263157894737,54,1,26,42,30,0.9,16,24,206,330,196,724,13.5,84
481,Ivan Perišić,left wingback,64,57.44680851063831,196,0,75,61,29,5.2,29,87,357,443,583,1370,23.4,181
482,Romain Perraud,left-back,74,53.84615384615385,77,1,38,62,47,1.9,35,33,360,406,395,1153,20.4,122
483,Giuseppe Pezzella,left-back,29,56.25,34,0,17,65,44,0.3,16,28,217,253,185,649,10.2,48
484,Ronaël Pierre-Gabriel,right-back,60,71.42857142857143,10,0,19,29,29,1.2,20,23,193,266,164,618,9.9,51
485,Ronaël Pierre-Gabriel,right-back,60,71.42857142857143,19,0,19,29,29,1.2,20,23,193,266,164,618,9.9,51
486,Marvin Plattenhardt,left-back,58,61.70212765957447,156,0,59,84,38,3.9,21,24,450,649,356,1445,26.7,52
487,Pedro Porro,right-back,40,35.8974358974359,77,7,41,39,28,2.3,17,34,246,293,285,817,12.6,95
488,Alejandro Pozo Pozo,right-back,63,50.943396226415096,70,0,49,64,40,2.6,31,44,441,576,319,1323,20.9,90
489,Tymoteusz Puchacz,left-back,1,0.0,5,0,2,2,0,0.0,0,0,5,19,20,44,0.6,9
490,Giacomo Quagliata,left-back,21,45.45454545454545,54,0,28,28,21,1.0,18,19,107,154,171,421,7.8,45
491,Simon Ramet,right-back,0,0.0,0,0,0,0,0,0.0,0,0,0,0,0,0,0.0,0
492,Luca Ranieri,left-back,20,66.66666666666666,0,0,4,11,18,0.1,2,4,192,179,15,381,5.6,0
493,Lilian Raolisoa,right-back,14,70.0,10,1,6,10,4,0.5,11,5,34,51,67,151,1.9,16
494,David Raum,left-back,55,58.620689655172406,141,3,57,69,42,5.0,23,44,365,547,471,1367,18.7,127
495,Arkadiusz Reca,left-back,68,59.375,99,0,50,79,76,2.1,50,82,469,605,424,1483,24.1,94
496,Sergio Reguilón,left-back,9,71.42857142857143,9,1,13,11,10,0.3,12,16,44,72,66,178,3.4,30
497,Diego Rico,left-back,55,44.44444444444444,55,0,33,64,57,1.7,26,32,385,514,296,1186,18.3,72
498,Matt Ritchie,left-back,2,33.33333333333333,2,0,1,1,0,0.0,3,1,8,12,16,35,0.4,9
499,Andrew Robertson,left-back,56,51.21951219512195,195,2,95,166,121,6.5,60,80,691,1084,727,2483,28.7,194
500,Antonee Robinson,left-back,115,67.6923076923077,134,0,58,129,104,1.8,86,112,778,937,580,2260,34.3,153
501,Mads Roerslev,right-back,31,48.48484848484848,20,2,13,19,15,0.8,7,8,178,140,109,426,12.3,36
502,Rogério,left-back,74,48.57142857142857,113,1,74,185,126,2.2,65,110,780,1033,523,2308,33.3,115
503,Tom Rothe,left-back,2,100.0,2,0,0,0,1,0.0,0,0,8,7,7,22,0.3,2
504,Jérôme Roussillon,left-back,20,66.66666666666666,0,0,22,28,19,1.5,11,18,142,226,200,562,10.8,44
505,Jérôme Roussillon,left-back,20,66.66666666666666,36,2,22,28,19,1.5,11,18,142,226,200,562,10.8,44
506,Matteo Ruggeri,left-back,29,50.0,38,0,17,55,38,0.9,14,22,198,304,224,722,9.2,65
507,Mário Rui,left-back,49,48.78048780487805,110,2,87,153,146,4.4,56,52,381,946,552,1864,19.4,97
508,Julian Ryerson,right-back,75,54.83870967741935,41,1,55,87,71,1.7,42,74,489,794,526,1789,27.2,101
509,Julian Ryerson,right-back,75,54.83870967741935,50,2,55,87,71,1.7,42,74,489,794,526,1789,27.2,101
510,Youssouf Sabaly,right-back,64,66.66666666666666,17,0,33,72,51,0.5,36,41,388,521,284,1179,18.7,64
511,Halid Šabanović,right-back,16,75.0,8,0,3,20,20,0.1,10,5,84,178,94,352,7.1,30
512,Falaye Sacko,right-back,79,62.74509803921568,36,2,38,76,57,1.2,36,50,519,692,315,1503,28.7,70
513,Théo Sainte-Luce,left-back,23,50.0,10,0,11,14,11,0.9,9,5,93,160,76,326,5.9,36
514,Junior Sambia,right-back,20,60.0,33,0,22,27,14,0.7,22,23,114,221,172,504,7.7,38
515,Manu Sánchez,left-back,65,52.38095238095239,71,0,61,100,72,3.1,27,42,330,619,451,1385,23.6,105
516,Alex Sandro,left-back,50,68.18181818181817,19,0,36,97,93,1.1,36,51,521,750,196,1455,19.9,25
517,Bouna Sarr,right-back,0,0.0,0,0,0,0,0,0.0,0,0,1,1,0,2,0.0,0
518,Joe Scally,right-back,39,77.41935483870968,41,0,35,57,40,2.4,23,29,456,663,263,1373,24.5,60
519,Jonathan Schmid,right-back,2,0.0,4,0,2,1,1,0.1,0,1,8,15,11,34,0.5,6
520,Benno Schmitz,right-back,90,51.21951219512195,96,1,52,149,108,3.1,39,48,485,799,483,1757,26.9,126
521,Nélson Semedo,right-back,100,51.5625,60,4,35,110,103,0.9,42,50,589,837,451,1858,29.2,147
522,Marvin Senaya,right-back,0,0.0,1,0,1,1,0,0.0,0,1,4,1,2,7,0.1,0
523,Leonardo Sernicola,left-back,83,67.44186046511628,118,2,55,62,50,2.2,45,60,352,498,387,1220,25.7,95
524,Ryan Sessegnon,left wingback,22,50.0,30,2,23,22,16,1.1,11,24,157,170,168,493,9.0,64
525,Luke Shaw,left-back,91,71.11111111111111,89,2,67,140,169,2.9,44,53,810,1124,475,2388,28.4,76
526,Kiliann Sildillia,right-back,54,60.0,26,1,28,81,69,1.3,24,20,337,706,271,1306,22.0,47
527,Wilfried Singo,right-back,39,63.1578947368421,56,3,45,67,46,1.7,34,54,299,649,420,1354,22.7,93
528,Daley Sinkgraven,left-back,15,77.77777777777779,3,0,9,8,12,0.3,6,8,81,119,61,260,3.8,17
529,Hugo Siquet,right-back,2,100.0,0,0,0,0,0,0.0,0,0,4,7,0,11,0.2,0
530,Adam Smith,right-back,74,48.333333333333336,48,0,29,83,70,1.5,21,28,602,650,296,1527,32.7,54
531,Cédric Soares,right-back,9,75.0,3,0,5,15,13,0.2,2,5,66,98,76,240,2.5,12
532,Cédric Soares,right-back,9,75.0,24,0,5,15,13,0.2,2,5,66,98,76,240,2.5,12
533,Danilo Soares,left-back,102,59.72222222222222,17,1,34,93,82,1.1,18,17,469,643,154,1251,19.6,24
534,Eduard Sobol,left-back,27,69.23076923076923,19,0,20,34,25,0.7,15,16,97,230,156,479,9.7,54
535,Alex Sola,right-back,25,70.0,12,0,6,4,6,0.1,3,8,73,99,84,252,3.9,19
536,Brandon Soppy,right-back,13,33.33333333333333,1,0,26,37,29,1.3,16,27,98,204,164,461,8.1,39
537,Brandon Soppy,right-back,13,33.33333333333333,19,1,26,37,29,1.3,16,27,98,204,164,461,8.1,39
538,Borna Sosa,left-back,46,65.625,255,1,109,128,80,8.2,54,58,386,631,630,1630,21.7,152
539,Arnaud Souquet,right-back,26,78.57142857142857,7,1,5,10,7,0.3,1,5,57,93,37,185,4.0,14
540,Djed Spence,right-back,18,61.11111111111112,0,0,11,21,23,0.2,17,23,105,205,106,406,6.5,20
541,Djed Spence,right-back,18,61.11111111111112,4,0,11,21,23,0.2,17,23,105,205,106,406,6.5,20
542,Leonardo Spinazzola,left-back,24,34.78260869565217,57,4,46,63,37,2.0,52,107,296,560,319,1157,18.4,87
543,Jack Stacey,right-back,10,40.0,10,0,1,2,6,0.0,4,9,67,62,47,174,3.3,15
544,Kostas Stafylidis,left-back,47,41.66666666666667,26,1,18,26,23,0.7,7,9,187,288,92,564,11.6,14
545,Josip Stanišić,right-back,26,70.58823529411765,8,0,12,66,43,0.7,15,12,206,370,117,689,6.4,35
546,Pascal Stenzel,right-back,17,55.55555555555556,21,0,13,13,11,0.6,5,3,90,117,54,259,3.7,5
547,Petar Stojanović,right-back,53,60.46511627906976,35,3,49,91,58,1.2,27,50,387,539,293,1210,17.0,51
548,Damián Suárez,right-back,64,54.16666666666666,78,0,47,80,61,1.7,23,21,299,580,306,1169,21.6,72
549,Gabriel Suazo,left-back,60,46.03174603174603,14,1,28,79,49,0.9,34,26,306,483,199,976,14.0,66
550,Issiaga Sylla,left-back,126,23.07692307692308,35,0,72,177,108,1.9,77,79,543,921,571,2011,29.7,172
551,Issiaga Sylla,left-back,126,23.07692307692308,41,0,72,177,108,1.9,77,79,543,921,571,2011,29.7,172
552,Nicolás Tagliafico,left-back,148,64.1025641025641,68,0,59,156,123,3.8,44,38,527,1118,610,2237,33.2,171
553,Matt Targett,left-back,22,37.5,34,0,17,43,19,0.7,5,3,149,186,131,463,6.8,13
554,Nuno Tavares,left-back,71,50.90909090909091,96,3,66,115,70,3.9,68,96,361,685,765,1779,26.1,245
555,Alex Telles,left-back,41,52.0,83,1,42,42,41,1.2,11,21,287,348,252,880,15.9,80
556,Aleksa Terzić,left-back,21,52.38095238095239,79,0,43,40,34,1.9,28,49,220,341,272,824,10.4,61
557,Kenny Tete,right-back,135,76.0,99,1,49,103,75,1.9,55,75,556,877,489,1896,28.5,69
558,Luke Thomas,left-back,50,46.875,9,3,16,48,38,0.5,8,10,319,359,115,786,11.9,13
559,Kieran Tierney,left-back,31,75.0,24,1,12,36,35,0.4,12,25,153,244,183,579,8.8,31
560,Harry Toffolo,left-back,27,71.42857142857143,29,0,19,29,14,0.9,6,8,175,179,151,498,10.4,43
561,Jeremy Toljan,right-back,54,66.66666666666666,28,2,42,142,124,1.6,41,56,630,868,328,1817,29.7,99
562,Takehiro Tomiyasu,right-back,41,72.22222222222221,12,2,10,51,41,0.2,7,14,138,293,130,557,7.4,28
563,Charles Traore,left-back,18,71.42857142857143,6,0,3,11,18,0.4,3,2,123,129,38,288,5.4,8
564,Hamari Traoré,right-back,86,53.84615384615385,63,4,64,159,132,3.6,63,55,426,1130,537,2083,28.1,162
565,Christopher Trimmel,right-back,56,64.51612903225806,180,0,59,65,53,3.2,12,34,324,470,405,1190,20.1,80
566,Kieran Trippier,right-back,114,51.11111111111111,393,16,178,260,182,11.8,46,45,774,1282,1066,3102,37.1,151
567,Adrien Truffert,left-back,84,67.3913043478261,35,0,51,89,71,1.6,53,55,410,790,467,1656,21.7,166
568,Kostas Tsimikas,left-back,26,62.5,85,1,27,26,20,1.3,9,23,170,281,268,713,8.6,77
569,Destiny Udogie,left-back,107,57.6271186440678,29,1,88,106,67,2.2,71,109,346,652,545,1503,30.0,155
570,Jere Uronen,left-back,37,59.09090909090909,13,0,22,45,31,1.6,9,12,174,320,150,639,10.8,31
571,Jere Uronen,left-back,37,59.09090909090909,30,0,22,45,31,1.6,9,12,174,320,150,639,10.8,31
572,Josha Vagnoman,right-back,34,55.55555555555556,27,1,28,43,28,1.9,24,27,200,293,281,765,16.4,93
573,Emanuele Valeri,left-back,76,42.028985507246375,147,4,94,90,66,3.8,58,111,418,642,584,1610,30.9,158
574,Yan Valery,right-back,88,54.054054054054056,1,0,37,84,70,1.6,72,72,508,764,382,1631,28.2,74
575,Yan Valery,right-back,88,54.054054054054056,81,0,37,84,70,1.6,72,72,508,764,382,1631,28.2,74
576,Vanderson,right-back,132,58.66666666666666,98,1,62,108,85,3.1,37,50,350,766,583,1689,24.6,175
577,Jesus Vazquez,left-back,14,54.54545454545454,11,1,11,13,12,0.5,9,4,58,94,80,231,3.4,17
578,Kevin Vázquez,right-back,15,66.66666666666666,7,0,5,13,16,0.2,2,5,101,117,51,269,4.9,14
579,Joël Veltman,right-back,81,64.91228070175438,23,1,36,153,157,1.1,32,43,563,895,293,1740,24.3,49
580,Lorenzo Venuti,right-back,23,61.11111111111112,37,0,24,44,36,0.7,19,24,202,332,165,695,10.3,43
581,Aleix Vidal,right-back,26,18.181818181818183,39,1,25,23,19,1.3,5,16,99,205,188,489,11.4,53
582,Nacho Vidal,right-back,46,53.125,31,2,20,47,33,0.6,10,20,233,313,234,776,13.9,52
583,Matías Viña,left-back,28,45.45454545454545,4,0,12,19,13,0.1,7,12,131,123,88,338,5.7,23
584,Matías Viña,left-back,28,45.45454545454545,2,0,12,19,13,0.1,7,12,131,123,88,338,5.7,23
585,Rúben Vinagre,left-back,2,50.0,2,0,0,0,2,0.0,1,2,7,16,9,31,0.3,1
586,Mërgim Vojvoda,right-back,32,50.0,43,4,62,125,97,2.6,27,30,302,627,389,1304,19.1,81
587,Kyle Walker,right-back,31,16.666666666666664,28,4,25,162,189,0.9,40,50,438,1198,370,1996,21.8,75
588,Kyle Walker-Peters,right-back,88,52.38095238095239,50,1,53,97,71,2.5,76,102,469,731,520,1692,29.4,114
589,Aaron Wan-Bissaka,right-back,62,92.0,14,2,30,55,48,0.9,24,41,346,400,286,1026,15.9,64
590,Joel Ward,right-back,75,73.17073170731707,36,0,22,101,80,0.8,15,22,546,637,292,1469,25.1,46
591,Mitchell Weiser,right-back,99,50.66666666666667,75,7,89,120,91,6.9,46,62,390,861,566,1789,28.0,169
592,Ben White,right-back,82,60.0,57,6,64,249,226,3.7,46,64,554,1305,685,2532,33.9,124
593,Silvan Widmer,right-back,57,51.28205128205128,32,0,41,54,43,1.6,9,14,266,504,287,1049,18.8,91
594,Neco Williams,right-back,105,53.52112676056338,89,3,39,33,29,1.2,33,51,445,422,309,1153,20.9,67
595,Darlin Yongwa,left-back,18,26.666666666666668,20,0,26,24,11,0.7,16,29,98,167,190,451,8.7,70
596,Ashley Young,left-back,71,75.51020408163265,42,2,40,107,82,0.8,20,29,502,675,252,1411,22.6,33
597,Mohamed Youssouf,right-back,137,62.29508196721312,89,0,32,91,83,1.4,35,48,490,768,345,1595,27.3,83
598,Joseba Zaldúa,right-back,26,70.0,12,0,7,13,11,0.2,13,13,128,139,90,356,7.1,20
599,Oliver Zandén,left-back,3,40.0,6,0,4,6,6,0.1,0,4,25,31,33,89,1.6,12
600,Alessandro Zanoli,right-back,35,47.05882352941176,33,0,36,36,19,0.9,24,51,331,345,216,876,17.2,62
601,Alessandro Zanoli,right-back,35,47.05882352941176,1,0,36,36,19,0.9,24,51,331,345,216,876,17.2,62
602,Mattia Zanotti,right-back,0,0.0,0,0,1,1,1,0.0,1,1,4,3,7,13,0.3,2
603,Davide Zappacosta,right-back,43,68.18181818181817,59,0,39,55,38,1.4,39,48,261,415,456,1122,16.3,101
604,Akim Zedadka,right-back,61,52.94117647058824,38,1,37,66,43,2.1,24,31,369,513,301,1173,21.7,89
605,Akim Zedadka,right-back,61,52.94117647058824,7,0,37,66,43,2.1,24,31,369,513,301,1173,21.7,89
606,Karim Zedadka,left-back,0,0.0,1,0,0,0,1,0.0,0,1,4,10,6,20,0.2,4
607,Deyovaisio Zeefuik,right-back,1,0.0,1,0,0,0,0,0.0,0,1,2,6,3,10,0.1,1
608,Marvin Zeegelaar,left-back,11,75.0,4,0,5,9,6,0.1,2,6,90,90,47,223,3.9,11
609,Mehdi Zeffane,right-back,34,19.047619047619047,24,0,15,18,14,0.6,8,9,79,178,110,360,7.3,31
610,Aaron Zehnter,left-back,1,0.0,0,0,0,0,0,0.0,0,0,1,2,0,3,0.0,0
611,Jordan Zemura,left-back,55,53.48837209302325,18,0,35,45,32,2.1,29,39,302,297,222,808,16.2,48
612,Oleksandr Zinchenko,left-back,62,53.84615384615385,37,6,56,227,201,2.4,66,67,463,1058,610,2112,23.5,68
613,Nadir Zortea,right wingback,29,66.66666666666666,10,1,22,47,26,0.7,26,35,205,280,178,659,9.8,38
614,Nadir Zortea,right wingback,29,66.66666666666666,33,0,22,47,26,0.7,26,35,205,280,178,659,9.8,38
