,Player,Position,xAG_p90,LPPA,CaCPA,NPxG_p90,npxG/Sh,SSh_p90,SSoT_90,ADWon,ADWonp,LPrgP_x,SCA90,LKP,Off,SDist,LxA,Att_Pen,LPrgP_y,LFTP,Mid_3rd,Att_3rd,Live
0,Matthis Abline,Centre-Forward,0.1,4.0,9.0,0.27,0.09,2.94,0.98,13.0,27.66,10.0,2.16,7.0,6.0,16.4,0.5,56.0,10.0,8.0,116.0,125.0,245.0
1,Tammy Abraham,Centre-Forward,0.15,17.0,16.0,0.44,0.17,2.55,1.15,80.0,51.95,54.0,2.88,33.0,11.0,6.0,2.8,125.0,54.0,18.0,391.0,355.0,786.0
2,Che Adams,Centre-Forward,0.13,11.0,9.0,0.3,0.14,2.13,0.63,61.0,37.20,34.0,2.58,24.0,14.0,6.9,2.2,103.0,34.0,21.0,286.0,377.0,717.0
3,Sargis Adamyan,Centre-Forward,0.11,11.0,5.0,0.47,0.16,2.92,1.53,12.0,32.43,24.0,3.06,8.0,4.0,7.0,1.4,48.0,24.0,7.0,134.0,147.0,310.0
4,Karim Adeyemi,Centre-Forward,0.24,25.0,21.0,0.28,0.12,2.4,0.91,10.0,71.43,47.0,3.83,28.0,1.0,8.7,3.7,65.0,47.0,17.0,240.0,384.0,675.0
5,Felix Afena-Gyan,Centre-Forward,0.01,0.0,3.0,0.21,0.09,2.31,0.22,17.0,28.81,8.0,1.65,3.0,6.0,9.35,0.2,28.0,8.0,3.0,129.0,156.0,318.0
6,Ludovic Ajorque,Centre-Forward,0.12,14.0,2.0,0.33,0.13,2.44,0.95,141.0,54.44,44.0,2.53,23.0,6.0,14.95,2.4,126.0,44.0,27.0,463.0,372.0,890.0
7,Lucas Alario,Centre-Forward,0,0.0,1.0,0.38,0.13,2.97,1.08,21.0,47.73,8.0,2.16,1.0,5.0,7.35,0.4,24.0,8.0,4.0,51.0,61.0,131.0
8,Mohamed Ali Cho,Centre-Forward,0.25,10.0,14.0,0.28,0.08,3.54,1.85,5.0,25.00,8.0,2.92,7.0,3.0,9.15,1.6,29.0,8.0,6.0,106.0,151.0,281.0
9,Julián Álvarez,Centre-Forward,0.11,13.0,17.0,0.38,0.13,2.82,1.23,8.0,25.81,37.0,3.19,18.0,3.0,8.0,1.6,89.0,37.0,22.0,255.0,360.0,653.0
10,Agustín Álvarez Martínez,Centre-Forward,0.1,2.0,2.0,0.37,0.11,3.41,0.98,8.0,40.00,6.0,2.2,2.0,2.0,7.9,0.3,16.0,6.0,4.0,76.0,71.0,155.0
11,Komnen Andri?,Centre-Forward,0,0.0,0.0,0,0,0,0,0.0,0,0.0,0,0.0,0.0,0.0,0.0,0.0,0.0,0.0,0.0,0.0,0.0
12,Janis Antiste,Centre-Forward,0,0.0,0.0,0.33,0.2,1.67,1.67,2.0,66.67,1.0,0,0.0,0.0,8.65,0.0,1.0,1.0,0.0,9.0,7.0,23.0
13,Michail Antonio,Centre-Forward,0.06,8.0,18.0,0.33,0.17,1.92,0.64,50.0,36.23,27.0,1.92,15.0,12.0,5.8,0.8,80.0,27.0,12.0,262.0,308.0,596.0
14,Cameron Archer,Centre-Forward,0,0.0,1.0,0,0,0,0,0.0,0,0.0,0,0.0,1.0,0.0,0.0,3.0,0.0,2.0,8.0,7.0,15.0
15,Ante Budimir,Centre-Forward,0.04,3.0,10.0,0.39,0.13,2.9,1.05,97.0,48.26,23.0,1.7,10.0,12.0,5.8,0.6,118.0,23.0,13.0,254.0,281.0,563.0
16,Adam Buksa,Centre-Forward,0,0.0,1.0,0,0,0,0,1.0,16.67,3.0,0.91,1.0,0.0,0.0,0.0,7.0,3.0,3.0,19.0,15.0,35.0
17,Marius Bülter,Second Striker,0.16,44.0,24.0,0.21,0.1,2.21,0.8,43.0,43.43,86.0,3.15,39.0,7.0,9.2,4.6,136.0,86.0,42.0,419.0,585.0,1113.0
18,Jonathan Burkardt,Centre-Forward,0.19,9.0,6.0,0.37,0.11,3.39,1.02,8.0,34.78,14.0,3.39,7.0,3.0,6.3,1.6,37.0,14.0,3.0,65.0,99.0,179.0
19,Oliver Burke,Centre-Forward,0.1,3.0,5.0,0.33,0.13,2.67,1.67,6.0,35.29,7.0,2.67,4.0,3.0,7.0,0.1,13.0,7.0,4.0,41.0,73.0,118.0
20,Dominic Calvert-Lewin,Centre-Forward,0.06,4.0,10.0,0.39,0.17,2.33,0.7,66.0,47.83,15.0,1.86,9.0,19.0,5.9,0.8,59.0,15.0,13.0,143.0,200.0,375.0
21,Sergio Camello,Centre-Forward,0.09,13.0,17.0,0.27,0.1,2.85,0.71,27.0,35.53,42.0,2.32,28.0,11.0,8.0,1.7,101.0,42.0,15.0,337.0,406.0,782.0
22,Thomas Cannon,Centre-Forward,1.67,0.0,0.0,0.33,0.1,3.33,3.33,0.0,0.00,0.0,0,1.0,0.0,5.4,0.0,4.0,0.0,0.0,2.0,6.0,8.0
23,Gianluca Caprari,Second Striker,0.09,30.0,42.0,0.15,0.08,1.85,0.48,6.0,22.22,92.0,2.88,29.0,9.0,10.0,2.8,103.0,92.0,56.0,668.0,577.0,1363.0
24,Francesco Caputo,Centre-Forward,0.09,7.0,14.0,0.25,0.13,1.89,0.64,23.0,31.51,32.0,1.86,29.0,34.0,13.75,1.7,152.0,32.0,20.0,333.0,411.0,785.0
25,Irvin Cardona,Centre-Forward,0.07,1.0,3.0,0.34,0.16,2.13,0.98,6.0,31.58,7.0,1.31,6.0,6.0,13.65,0.1,28.0,7.0,6.0,81.0,101.0,205.0
26,Valentín Castellanos,Centre-Forward,0.06,16.0,11.0,0.35,0.12,2.94,1.11,51.0,42.15,34.0,1.42,15.0,31.0,7.5,2.3,123.0,34.0,17.0,278.0,343.0,671.0
27,Edinson Cavani,Centre-Forward,0.11,4.0,3.0,0.22,0.12,1.93,0.5,20.0,41.67,20.0,1.49,12.0,15.0,7.35,1.1,54.0,20.0,14.0,217.0,208.0,473.0
28,Assan Ceesay,Centre-Forward,0.04,5.0,8.0,0.21,0.1,2.04,0.5,63.0,44.06,16.0,1.84,8.0,22.0,7.35,0.7,71.0,16.0,13.0,270.0,311.0,641.0
29,Julio César Enciso,Centre-Forward,0.19,9.0,17.0,0.44,0.11,4.22,2,6.0,42.86,31.0,5,13.0,3.0,9.8,1.4,49.0,31.0,14.0,154.0,228.0,395.0
30,Gaëtan Charbonnier,Centre-Forward,0.07,5.0,0.0,0.21,0.09,2.5,0.36,3.0,30.00,11.0,3.21,3.0,3.0,11.6,0.1,14.0,11.0,5.0,67.0,43.0,120.0
31,Daniel Ciofani,Centre-Forward,0.06,4.0,1.0,0.19,0.08,2.37,1.1,35.0,34.31,10.0,2.03,10.0,6.0,7.85,0.9,51.0,10.0,13.0,119.0,163.0,303.0
32,Lorenzo Colombo,Centre-Forward,0.08,6.0,6.0,0.27,0.11,2.56,0.65,41.0,25.79,21.0,2.56,17.0,8.0,8.4,0.5,74.0,21.0,14.0,266.0,304.0,586.0
33,Ángel Correa,Second Striker,0.22,19.0,24.0,0.44,0.17,2.65,1.11,5.0,23.81,58.0,3.77,23.0,14.0,7.65,3.6,119.0,58.0,27.0,283.0,379.0,738.0
34,Joaquín Correa,Second Striker,0.12,9.0,9.0,0.32,0.15,2.08,0.75,4.0,25.00,29.0,3.49,15.0,2.0,6.8,1.0,37.0,29.0,23.0,183.0,183.0,384.0
35,Diego Costa,Centre-Forward,0.05,4.0,11.0,0.23,0.11,2.03,1.01,30.0,33.71,13.0,1.67,11.0,16.0,6.0,0.7,59.0,13.0,9.0,140.0,161.0,335.0
36,Nuno da Costa,Centre-Forward,0.17,12.0,15.0,0.2,0.12,1.75,0.63,45.0,39.82,32.0,2.33,25.0,5.0,7.85,2.3,78.0,32.0,22.0,334.0,324.0,728.0
37,Matheus Cunha,Centre-Forward,0.09,5.0,11.0,0.23,0.09,2.55,1.01,10.0,16.39,21.0,2.08,13.0,4.0,17.75,0.6,67.0,21.0,11.0,231.0,205.0,503.0
38,Moanes Dabbur,Centre-Forward,0.21,8.0,6.0,0.34,0.16,2.12,1.35,7.0,24.14,33.0,3.65,16.0,10.0,7.5,2.2,42.0,33.0,14.0,196.0,191.0,408.0
39,Patson Daka,Centre-Forward,0.21,8.0,11.0,0.27,0.12,2.27,1.21,26.0,36.62,17.0,2.12,17.0,7.0,7.3,1.7,58.0,17.0,7.0,175.0,230.0,444.0
40,Thijs Dallinga,Centre-Forward,0.08,5.0,8.0,0.38,0.16,2.34,1.15,56.0,45.16,30.0,1.61,22.0,22.0,6.05,1.3,110.0,30.0,19.0,341.0,341.0,719.0
41,David Datro Fofana,Centre-Forward,0.13,2.0,3.0,0.25,0.07,3.75,1.25,0.0,0,2.0,7.5,3.0,1.0,9.55,0.1,7.0,2.0,0.0,10.0,22.0,33.0
42,Jonathan David,Centre-Forward,0.17,34.0,39.0,0.43,0.16,2.7,1.25,16.0,20.00,95.0,3.3,53.0,23.0,7.9,5.7,214.0,95.0,54.0,529.0,622.0,1213.0
43,Manuel De Luca,Centre-Forward,0,0.0,0.0,0,0,0,0,0.0,0.00,0.0,2,0.0,0.0,0.0,0.0,2.0,0.0,0.0,9.0,5.0,14.0
44,Tommaso De Nipoti,Second Striker,0,0.0,0.0,0,0,0,0,1.0,100.00,1.0,0,0.0,0.0,0.0,0.0,1.0,1.0,1.0,5.0,2.0,6.0
45,Grégoire Defrel,Centre-Forward,0.04,1.0,2.0,0.27,0.22,1.23,0.77,6.0,20.00,10.0,1.23,9.0,6.0,5.9,0.2,34.0,10.0,12.0,175.0,159.0,362.0
46,Andy Delort,Centre-Forward,0.15,12.0,2.0,0.4,0.13,2.95,1.29,40.0,46.51,28.0,2.37,20.0,11.0,16.25,1.5,69.0,28.0,23.0,228.0,246.0,499.0
47,Moussa Dembélé,Centre-Forward,0.03,11.0,5.0,0.39,0.14,2.89,1.34,29.0,56.86,23.0,1.44,4.0,8.0,6.65,0.5,50.0,23.0,8.0,135.0,143.0,299.0
48,Ermedin Demirovi?,Centre-Forward,0,0.0,0.0,0,0,0,0,0.0,0,0.0,0,0.0,0.0,0.0,0.0,0.0,0.0,0.0,0.0,0.0,0.0
49,Emmanuel Dennis,Centre-Forward,0.08,4.0,8.0,0.24,0.09,2.63,0.88,13.0,44.83,17.0,3.13,7.0,4.0,6.6,0.4,40.0,17.0,7.0,118.0,177.0,335.0
50,Halil Dervi?o?lu,Centre-Forward,0,0.0,0.0,0,0,0,0,0.0,0,0.0,0,0.0,0.0,0.0,0.0,0.0,0.0,0.0,0.0,0.0,0.0
51,Cyriel Dessers,Centre-Forward,0.09,8.0,24.0,0.36,0.13,2.78,0.68,16.0,25.00,27.0,2.5,23.0,24.0,6.8,1.5,115.0,27.0,11.0,162.0,289.0,465.0
52,Mattia Destro,Centre-Forward,0.06,2.0,3.0,0.22,0.07,3.13,1.09,8.0,28.57,4.0,1.72,4.0,7.0,7.4,0.3,26.0,4.0,1.0,59.0,68.0,139.0
53,Gerard Deulofeu,Centre-Forward,0.33,42.0,33.0,0.38,0.12,3.26,0.89,1.0,20.00,82.0,6.07,48.0,8.0,8.7,4.0,82.0,82.0,40.0,295.0,400.0,725.0
54,Samuel Di Carmine,Centre-Forward,0,0.0,0.0,0.33,0.1,3.33,0,0.0,0.00,1.0,0,0.0,0.0,5.5,0.0,2.0,1.0,1.0,4.0,5.0,9.0
55,Boulaye Dia,Centre-Forward,0.11,16.0,13.0,0.29,0.17,1.68,0.75,20.0,25.64,50.0,2.29,35.0,13.0,7.5,1.9,75.0,50.0,31.0,427.0,364.0,884.0
56,Habib Diallo,Centre-Forward,0.11,12.0,20.0,0.45,0.16,2.81,1.13,135.0,46.08,41.0,1.97,27.0,19.0,6.5,4.0,192.0,41.0,26.0,430.0,494.0,1003.0
57,Justin Diehl,Second Striker,0,0.0,0.0,0,0,0,0,0.0,0,0.0,0,0.0,1.0,0.0,0.0,0.0,0.0,0.0,0.0,3.0,3.0
58,Bamba Dieng,Centre-Forward,0.07,2.0,6.0,0.53,0.18,3.05,1.14,18.0,40.91,8.0,1.71,7.0,6.0,14.25,0.4,51.0,8.0,6.0,170.0,139.0,334.0
59,Florian Dietz,Centre-Forward,0.07,0.0,4.0,0.57,0.15,3.86,1.36,24.0,66.67,5.0,1.36,4.0,1.0,5.95,0.5,25.0,5.0,4.0,62.0,72.0,137.0
60,Lois Diony,Centre-Forward,0.05,2.0,3.0,0.39,0.18,2.14,0.54,19.0,47.50,11.0,1.96,5.0,3.0,7.25,0.2,30.0,11.0,6.0,85.0,110.0,196.0
61,Moussa Djitte,Centre-Forward,0,1.0,0.0,0.07,0.05,1.33,0,5.0,45.45,2.0,1.33,1.0,0.0,11.65,0.0,2.0,2.0,3.0,25.0,21.0,50.0
62,Alan Do Marcolino,Centre-Forward,0,0.0,0.0,0,0,0,0,0.0,0,0.0,0,0.0,0.0,0.0,0.0,0.0,0.0,0.0,2.0,0.0,3.0
63,Kasper Dolberg,Centre-Forward,0.12,2.0,2.0,0.07,0.06,1.34,0.6,12.0,48.00,6.0,1.34,5.0,2.0,17.0,0.3,21.0,6.0,4.0,79.0,88.0,194.0
64,Ckene Doucouré,Centre-Forward,0.4,3.0,1.0,0.47,0.1,4.67,0.67,5.0,45.45,5.0,8,5.0,0.0,6.75,0.7,12.0,5.0,1.0,35.0,44.0,86.0
65,Dion Drena Beljo,Centre-Forward,0.14,4.0,4.0,0.13,0.12,1.04,0.4,47.0,45.63,15.0,2,15.0,7.0,7.6,0.9,29.0,15.0,11.0,190.0,140.0,371.0
66,Marvin Ducksch,Centre-Forward,0.17,21.0,24.0,0.33,0.11,2.97,1.36,25.0,42.37,58.0,3.44,52.0,12.0,9.55,6.0,149.0,58.0,42.0,463.0,676.0,1250.0
67,Jhon Durán,Centre-Forward,0,1.0,1.0,0.4,0.09,4.67,1.33,7.0,41.18,4.0,3.33,1.0,3.0,9.9,0.0,6.0,4.0,1.0,26.0,29.0,57.0
68,Pablo Durán,Centre-Forward,0,0.0,0.0,0,0,0,0,1.0,50.00,0.0,0,0.0,1.0,0.0,0.0,0.0,0.0,0.0,10.0,11.0,29.0
69,Hugo Duro,Centre-Forward,0.07,1.0,6.0,0.23,0.11,2.08,0.58,32.0,34.41,19.0,1.43,11.0,3.0,5.95,0.5,73.0,19.0,13.0,187.0,217.0,430.0
70,Paulo Dybala,Second Striker,0.36,21.0,20.0,0.27,0.09,3.11,0.93,4.0,20.00,75.0,5.39,53.0,5.0,10.35,4.5,78.0,75.0,49.0,542.0,478.0,1084.0
71,Edin Džeko,Centre-Forward,0.17,20.0,15.0,0.51,0.13,3.8,1.25,41.0,48.81,67.0,3.18,23.0,10.0,7.2,3.3,113.0,67.0,39.0,351.0,341.0,749.0
72,Odsonne Édouard,Centre-Forward,0.06,9.0,21.0,0.21,0.11,1.95,0.75,41.0,34.75,32.0,2.2,17.0,13.0,6.25,0.8,95.0,32.0,9.0,317.0,293.0,672.0
73,Hugo Ekitike,Centre-Forward,0.13,11.0,7.0,0.29,0.11,2.66,0.94,8.0,40.00,23.0,2.58,11.0,7.0,7.4,1.6,63.0,23.0,13.0,202.0,250.0,473.0
74,Emmanuel Ekong,Centre-Forward,0,0.0,0.0,0,0,5,0,0.0,0.00,0.0,0,0.0,1.0,14.1,0.0,0.0,0.0,0.0,4.0,2.0,6.0
75,Breel Embolo,Centre-Forward,0.15,19.0,13.0,0.37,0.19,1.93,0.97,33.0,41.25,52.0,3.04,28.0,14.0,5.45,2.4,100.0,52.0,27.0,299.0,378.0,707.0
76,Youssef En-Nesyri,Centre-Forward,0.06,1.0,14.0,0.44,0.14,3.24,1.24,60.0,40.00,12.0,1.73,10.0,21.0,5.8,0.5,103.0,12.0,4.0,186.0,211.0,439.0
77,Radamel Falcao,Centre-Forward,0.01,1.0,2.0,0.31,0.11,2.94,0.59,23.0,46.94,14.0,1.47,3.0,12.0,8.1,0.2,38.0,14.0,7.0,106.0,146.0,270.0
78,João Félix,Second Striker,0.11,27.0,11.0,0.44,0.11,4.07,1.58,10.0,31.25,74.0,3.39,17.0,10.0,18.45,2.0,67.0,74.0,43.0,381.0,391.0,819.0
79,Evan Ferguson,Centre-Forward,0.07,6.0,8.0,0.5,0.15,3.4,1.6,9.0,39.13,14.0,2.08,11.0,5.0,7.6,0.5,39.0,14.0,4.0,165.0,155.0,344.0
80,Carlos Fernández,Centre-Forward,0.09,4.0,4.0,0.34,0.11,3,0.71,25.0,52.08,13.0,2.29,7.0,9.0,6.55,0.3,42.0,13.0,4.0,92.0,120.0,231.0
81,Roberto Firmino,Centre-Forward,0.19,19.0,7.0,0.41,0.14,2.89,1.85,15.0,33.33,78.0,3.41,21.0,5.0,6.15,2.2,84.0,78.0,47.0,375.0,295.0,735.0
82,Michael Frey,Centre-Forward,0.19,5.0,3.0,0.18,0.06,2.81,0.94,43.0,41.75,22.0,1.56,10.0,8.0,7.9,1.3,56.0,22.0,14.0,162.0,177.0,347.0
83,Niclas Füllkrug,Centre-Forward,0.13,27.0,21.0,0.31,0.12,2.69,1.16,153.0,54.06,90.0,2.69,34.0,27.0,8.0,3.4,131.0,90.0,48.0,635.0,534.0,1222.0
84,Manolo Gabbiadini,Centre-Forward,0.17,28.0,10.0,0.28,0.1,2.75,1.07,42.0,36.84,55.0,2.37,27.0,13.0,9.65,4.1,83.0,55.0,33.0,389.0,393.0,885.0
85,Adolfo Gaich,Centre-Forward,0.05,0.0,4.0,0.31,0.1,2.96,0.99,25.0,32.89,11.0,2.35,6.0,4.0,8.4,0.2,26.0,11.0,8.0,129.0,116.0,263.0
86,Kévin Gameiro,Centre-Forward,0.14,23.0,17.0,0.27,0.14,1.89,0.94,12.0,30.77,69.0,2.49,25.0,4.0,6.5,3.4,102.0,69.0,35.0,431.0,454.0,944.0
87,Ignatius Ganago,Centre-Forward,0.1,4.0,10.0,0.21,0.11,1.93,0.8,64.0,48.48,23.0,1.65,10.0,9.0,18.05,1.6,80.0,23.0,17.0,240.0,240.0,524.0
88,Silvère Ganvoula M'Boussy,Centre-Forward,0.19,5.0,6.0,0.19,0.06,3.33,1.11,24.0,58.54,12.0,4.07,5.0,5.0,10.1,0.2,18.0,12.0,8.0,45.0,69.0,118.0
89,Raúl García,Centre-Forward,0.1,7.0,2.0,0.49,0.1,4.86,1.31,40.0,51.28,38.0,3.08,8.0,8.0,7.3,0.8,68.0,38.0,24.0,192.0,224.0,446.0
90,Sékou Gassama,Centre-Forward,0,0.0,1.0,1,0.2,5,0,2.0,50.00,0.0,2.5,1.0,0.0,5.35,0.0,4.0,0.0,0.0,4.0,7.0,12.0
91,Joe Gelhardt,Centre-Forward,0.21,1.0,2.0,0.33,0.08,4.17,0.83,5.0,31.25,6.0,1.67,2.0,0.0,11.75,0.4,14.0,6.0,3.0,52.0,54.0,115.0
92,Valère Germain,Centre-Forward,0.08,6.0,2.0,0.33,0.13,2.5,0.79,32.0,43.24,15.0,1.84,6.0,2.0,6.35,0.5,35.0,15.0,13.0,147.0,135.0,313.0
93,Álvaro Giménez,Centre-Forward,0,0.0,0.0,0,0,0,0,0.0,0,1.0,0,0.0,1.0,0.0,0.0,0.0,1.0,0.0,2.0,3.0,5.0
94,Olivier Giroud,Centre-Forward,0.17,7.0,7.0,0.44,0.14,3.24,1.22,101.0,61.59,36.0,2.1,24.0,16.0,6.35,2.0,158.0,36.0,13.0,348.0,402.0,798.0
95,Dani Gómez,Centre-Forward,0,1.0,0.0,0,0,0,0,1.0,100.00,4.0,0,1.0,4.0,0.0,0.0,4.0,4.0,1.0,12.0,17.0,32.0
96,Maxi Gómez,Centre-Forward,0.17,0.0,3.0,0.17,0.07,2.5,0,2.0,25.00,0.0,1.67,2.0,1.0,9.45,0.2,8.0,0.0,0.0,9.0,16.0,27.0
97,Amine Gouiri,Centre-Forward,0.15,32.0,28.0,0.38,0.15,2.59,1.05,32.0,38.55,71.0,3.28,40.0,8.0,13.05,5.1,152.0,71.0,34.0,474.0,628.0,1170.0
98,Adrian Grbi?,Centre-Forward,0,0.0,0.0,0,0,0,0,0.0,0,0.0,0,0.0,0.0,0.0,0.0,0.0,0.0,0.0,0.0,0.0,0.0
99,Sam Greenwood,Centre-Forward,0.23,1.0,1.0,0.15,0.06,2.55,0.43,1.0,12.50,15.0,5.11,13.0,0.0,12.1,1.1,5.0,15.0,14.0,112.0,103.0,255.0
100,Michael Gregoritsch,Centre-Forward,0.13,16.0,15.0,0.42,0.15,2.8,1.59,141.0,48.45,57.0,2.8,24.0,13.0,7.3,2.6,130.0,57.0,28.0,313.0,426.0,793.0
101,Antoine Griezmann,Second Striker,0.44,58.0,25.0,0.39,0.11,3.49,1.38,28.0,45.16,171.0,5.09,84.0,11.0,8.8,9.8,153.0,171.0,117.0,933.0,818.0,1970.0
102,Sergi Guardiola,Centre-Forward,0.03,4.0,7.0,0.24,0.12,2.05,0.86,20.0,30.77,31.0,2.11,11.0,15.0,16.6,0.5,58.0,31.0,12.0,265.0,282.0,604.0
103,Evann Guessand,Centre-Forward,0.09,13.0,8.0,0.19,0.12,1.57,0.86,28.0,50.91,37.0,2,13.0,6.0,6.05,1.0,48.0,37.0,18.0,233.0,219.0,510.0
104,Serhou Guirassy,Centre-Forward,0.08,6.0,14.0,0.5,0.19,2.63,1.02,42.0,51.85,30.0,2.63,21.0,10.0,13.1,1.0,94.0,30.0,21.0,336.0,287.0,658.0
105,Gorka Guruzeta,Centre-Forward,0.06,10.0,4.0,0.39,0.12,3.23,1.08,29.0,38.16,37.0,2.47,14.0,16.0,6.35,1.2,74.0,37.0,23.0,274.0,267.0,587.0
106,Christian Gytkjær,Centre-Forward,0.05,2.0,2.0,0.5,0.26,1.94,0.81,10.0,33.33,6.0,1.45,3.0,10.0,6.4,0.1,27.0,6.0,3.0,80.0,73.0,160.0
107,Erling Haaland,Centre-Forward,0.17,23.0,25.0,0.75,0.2,3.77,1.72,50.0,50.00,58.0,2.34,29.0,8.0,6.3,3.1,217.0,58.0,14.0,290.0,435.0,756.0
108,Munir El Haddadi,Centre-Forward,0.09,11.0,7.0,0.21,0.08,2.5,0.7,28.0,50.00,30.0,3.83,14.0,13.0,9.05,1.7,48.0,30.0,20.0,253.0,299.0,614.0
109,Sébastien Haller,Centre-Forward,0.17,4.0,4.0,0.57,0.23,2.43,1.4,42.0,51.22,22.0,2.94,16.0,4.0,4.95,1.5,68.0,22.0,13.0,185.0,203.0,416.0
110,Ben Hamed Touré,Centre-Forward,0,0.0,0.0,0.04,0.05,0.87,0,2.0,11.76,1.0,0.43,0.0,0.0,14.25,0.0,0.0,1.0,1.0,32.0,19.0,62.0
111,Romain Hamouma,Centre-Forward,0.19,8.0,11.0,0.25,0.19,1.33,0.5,12.0,40.00,47.0,2.92,13.0,4.0,7.65,1.5,42.0,47.0,29.0,229.0,244.0,490.0
112,Saïd Hamulic,Centre-Forward,0,0.0,0.0,0,0,0.83,0,0.0,0.00,2.0,0.83,1.0,1.0,11.85,0.1,1.0,2.0,3.0,15.0,10.0,24.0
113,Kai Havertz,Centre-Forward,0.13,26.0,30.0,0.38,0.15,2.46,1.09,79.0,57.25,89.0,2.21,38.0,28.0,6.35,2.8,165.0,89.0,49.0,519.0,640.0,1257.0
114,Rhys Healey,Centre-Forward,0.29,0.0,1.0,0.57,0.08,7.14,4.29,2.0,100.00,0.0,2.86,2.0,0.0,7.65,0.1,8.0,0.0,0.0,7.0,15.0,24.0
115,Hwang Hee-chan,Centre-Forward,0.09,10.0,7.0,0.23,0.16,1.43,0.56,7.0,18.92,30.0,2.38,10.0,1.0,7.5,0.6,38.0,30.0,9.0,178.0,188.0,425.0
116,Thomas Henry,Centre-Forward,0.1,6.0,1.0,0.15,0.09,1.58,0.44,46.0,54.12,18.0,1.93,13.0,9.0,8.7,0.5,48.0,18.0,14.0,160.0,192.0,374.0
117,Philipp Hofmann,Centre-Forward,0.09,17.0,3.0,0.3,0.17,1.78,0.72,214.0,55.58,71.0,2.02,27.0,16.0,6.4,3.2,117.0,71.0,41.0,497.0,419.0,992.0
118,Lucas Höler,Centre-Forward,0.11,11.0,4.0,0.2,0.11,1.8,0.9,70.0,58.82,33.0,2.46,13.0,9.0,7.1,2.0,65.0,33.0,22.0,286.0,295.0,671.0
119,Noah Holm,Centre-Forward,0.14,1.0,0.0,0.14,0.15,0.91,0,4.0,25.00,2.0,3.18,3.0,1.0,18.35,0.1,5.0,2.0,3.0,49.0,21.0,86.0
120,Ilyes Housni,Centre-Forward,0,0.0,0.0,0,0,0,0,0.0,0,0.0,0,0.0,0.0,0.0,0.0,0.0,0.0,0.0,2.0,2.0,5.0
121,Adrien Hunou,Centre-Forward,0.09,12.0,10.0,0.26,0.14,1.81,0.73,19.0,40.43,62.0,1.94,18.0,5.0,6.6,0.9,69.0,62.0,38.0,508.0,374.0,1008.0
122,Rasmus Højlund,Centre-Forward,0.12,11.0,31.0,0.47,0.18,2.65,1.37,33.0,37.08,37.0,2.75,24.0,6.0,6.45,1.8,133.0,37.0,23.0,251.0,438.0,700.0
123,Zlatan Ibrahimovi?,Centre-Forward,0,0.0,0.0,0,0,0,0,0.0,0,0.0,0,0.0,0.0,0.0,0.0,0.0,0.0,0.0,0.0,0.0,0.0
124,Mounaim El Idrissy,Centre-Forward,0.04,9.0,4.0,0.26,0.14,1.81,0.69,110.0,36.54,40.0,1.52,13.0,23.0,7.3,0.9,98.0,40.0,33.0,482.0,379.0,926.0
125,Borja Iglesias,Centre-Forward,0.11,14.0,20.0,0.39,0.18,2.21,0.8,24.0,35.29,33.0,1.52,22.0,22.0,7.6,2.2,118.0,33.0,13.0,357.0,387.0,770.0
126,Kelechi Iheanacho,Centre-Forward,0.32,8.0,18.0,0.5,0.17,3.04,1.04,15.0,32.61,27.0,3.6,22.0,12.0,8.55,1.8,58.0,27.0,21.0,197.0,244.0,463.0
127,Ciro Immobile,Centre-Forward,0.08,11.0,27.0,0.42,0.14,2.91,1.21,14.0,29.79,43.0,2.91,26.0,21.0,7.5,1.6,159.0,43.0,19.0,370.0,451.0,863.0
128,Danny Ings,Centre-Forward,0.12,6.0,12.0,0.38,0.17,2.25,0.9,25.0,40.32,24.0,1.57,15.0,14.0,13.35,1.5,86.0,24.0,18.0,211.0,244.0,494.0
129,Marcus Ingvartsen,Centre-Forward,0.05,6.0,9.0,0.36,0.16,2.19,0.89,30.0,35.29,30.0,1.44,6.0,9.0,7.75,0.7,66.0,30.0,17.0,255.0,229.0,535.0
130,Alexander Isak,Centre-Forward,0.12,16.0,24.0,0.37,0.13,2.8,1.29,22.0,44.00,51.0,2.74,18.0,5.0,13.5,1.4,109.0,51.0,29.0,221.0,380.0,627.0
131,Luis Javier Suárez,Centre-Forward,0.13,6.0,15.0,0.34,0.12,2.86,1.01,42.0,36.84,37.0,2.21,16.0,5.0,14.25,1.7,80.0,37.0,29.0,361.0,278.0,697.0
132,Gabriel Jesus,Centre-Forward,0.17,22.0,28.0,0.58,0.17,3.32,1.35,44.0,36.07,64.0,3.62,31.0,16.0,5.3,2.9,191.0,64.0,31.0,406.0,573.0,1079.0
133,Raúl Jiménez,Centre-Forward,0.18,7.0,2.0,0.28,0.13,2.13,0.96,24.0,48.98,14.0,1.91,8.0,9.0,7.25,0.6,44.0,14.0,8.0,139.0,127.0,293.0
134,Brennan Johnson,Second Striker,0.1,18.0,42.0,0.19,0.12,1.6,0.74,18.0,27.27,30.0,1.69,28.0,18.0,8.3,1.9,116.0,30.0,12.0,309.0,434.0,803.0
135,Willian José,Centre-Forward,0.16,3.0,2.0,0.27,0.11,2.47,0.74,16.0,44.44,14.0,1.48,8.0,3.0,9.35,0.5,16.0,14.0,4.0,162.0,126.0,338.0
136,Joselu,Centre-Forward,0.07,12.0,16.0,0.32,0.12,2.62,0.99,174.0,61.92,66.0,1.99,22.0,26.0,8.05,2.0,152.0,66.0,41.0,501.0,523.0,1106.0
137,Mateo Joseph,Centre-Forward,0,0.0,0.0,0.33,0.1,3.33,3.33,0.0,0,0.0,0,0.0,0.0,7.7,0.0,1.0,0.0,0.0,5.0,3.0,9.0
138,Stevan Joveti?,Centre-Forward,0,0.0,0.0,0,0,0,0,0.0,0,0.0,0,0.0,0.0,0.0,0.0,0.0,0.0,0.0,0.0,0.0,0.0
139,Luka Jovi?,Centre-Forward,0,0.0,0.0,0,0,0,0,0.0,0,0.0,0,0.0,0.0,0.0,0.0,0.0,0.0,0.0,0.0,0.0,0.0
140,Tino Kadewere,Centre-Forward,0.1,0.0,9.0,0.27,0.08,3.17,1,30.0,60.00,4.0,2,3.0,5.0,9.35,0.2,28.0,4.0,6.0,114.0,94.0,224.0
141,Sasa Kalajdzic,Centre-Forward,0.19,0.0,0.0,0.26,0.13,1.94,0.32,9.0,50.00,4.0,2.9,6.0,0.0,7.6,0.3,20.0,4.0,3.0,45.0,41.0,92.0
142,Arnaud Kalimuendo,Centre-Forward,0.12,8.0,25.0,0.37,0.17,2.1,1.02,13.0,16.46,32.0,1.71,12.0,7.0,7.0,2.1,104.0,32.0,19.0,278.0,343.0,659.0
143,Yayah Kallon,Second Striker,0.16,14.0,14.0,0.18,0.09,2.08,0.63,9.0,29.03,22.0,3.13,13.0,4.0,9.7,0.9,43.0,22.0,10.0,127.0,207.0,356.0
144,Harry Kane,Centre-Forward,0.19,47.0,21.0,0.44,0.13,3.28,1.43,66.0,44.90,180.0,3.47,57.0,16.0,8.0,4.0,167.0,180.0,100.0,646.0,599.0,1322.0
145,Lee Kang-in,Centre-Forward,0.17,30.0,14.0,0.17,0.12,1.46,0.45,23.0,28.75,96.0,3.6,54.0,2.0,10.0,5.0,42.0,96.0,75.0,693.0,598.0,1426.0
146,Wilfried Kanga,Centre-Forward,0.1,5.0,5.0,0.21,0.13,1.59,0.57,53.0,46.49,12.0,2.17,20.0,11.0,5.85,1.3,69.0,12.0,8.0,160.0,215.0,400.0
147,Kenan Karaman,Centre-Forward,0.13,9.0,7.0,0.23,0.11,2.04,0.74,32.0,58.18,18.0,1.94,7.0,7.0,6.9,1.3,42.0,18.0,13.0,136.0,165.0,339.0
148,Jon Karrikaburu,Centre-Forward,0.3,1.0,1.0,0.3,0.06,5,1,4.0,50.00,4.0,2,1.0,3.0,10.05,0.1,3.0,4.0,2.0,18.0,20.0,38.0
149,Thomas Kastanaras,Centre-Forward,0.13,1.0,0.0,0.38,0.15,2.5,1.25,0.0,0.00,2.0,2.5,1.0,0.0,6.85,0.0,3.0,2.0,2.0,13.0,11.0,29.0
150,Moise Kean,Centre-Forward,0.1,6.0,20.0,0.57,0.17,3.42,1.26,9.0,45.00,13.0,2.79,8.0,8.0,7.2,0.6,57.0,13.0,7.0,146.0,165.0,333.0
151,Wahbi Khazri,Centre-Forward,0.09,12.0,22.0,0.23,0.11,2.09,0.88,18.0,36.73,49.0,2.31,19.0,13.0,11.1,1.6,64.0,49.0,41.0,361.0,271.0,713.0
152,Kiké,Centre-Forward,0.1,7.0,6.0,0.32,0.09,3.63,0.97,44.0,43.56,15.0,2.92,13.0,6.0,8.2,0.8,68.0,15.0,13.0,180.0,217.0,421.0
153,Randal Kolo Muani,Centre-Forward,0.22,23.0,66.0,0.4,0.15,2.57,1.03,60.0,43.17,61.0,3.6,41.0,21.0,6.5,5.8,196.0,61.0,25.0,427.0,597.0,1055.0
154,Ibrahima Koné,Centre-Forward,0.06,3.0,10.0,0.18,0.11,1.6,0.74,55.0,47.83,27.0,2.11,15.0,14.0,8.05,1.0,68.0,27.0,17.0,262.0,247.0,562.0
155,Christian Kouamé,Centre-Forward,0.18,31.0,24.0,0.26,0.13,2.03,0.63,62.0,54.39,54.0,4.01,39.0,7.0,6.9,2.8,111.0,54.0,29.0,324.0,559.0,942.0
156,Andrej Kramari?,Centre-Forward,0,0.0,0.0,0,0,0,0,0.0,0,0.0,0,0.0,0.0,0.0,0.0,0.0,0.0,0.0,0.0,0.0,0.0
157,Julian Kristoffersen,Centre-Forward,0,0.0,0.0,0,0,0,0,1.0,25.00,0.0,0,0.0,0.0,0.0,0.0,0.0,0.0,0.0,2.0,2.0,4.0
158,Raimonds Krollis,Centre-Forward,0,0.0,0.0,0.25,0.05,5,2.5,0.0,0.00,2.0,2.5,1.0,0.0,9.15,0.0,2.0,2.0,0.0,5.0,9.0,16.0
159,Max Kruse,Second Striker,0.03,3.0,1.0,0.23,0.08,3,0.67,6.0,85.71,7.0,3.33,3.0,0.0,6.95,0.2,18.0,7.0,4.0,62.0,72.0,144.0
160,Alou Kuol,Centre-Forward,0,0.0,0.0,0,0,0,0,0.0,0.00,0.0,0,0.0,0.0,0.0,0.0,0.0,0.0,0.0,1.0,0.0,1.0
161,Grejohn Kyei,Centre-Forward,0.06,11.0,13.0,0.28,0.13,2.18,0.77,48.0,42.48,37.0,2.14,15.0,15.0,8.75,1.5,98.0,37.0,31.0,457.0,333.0,834.0
162,Rémy Labeau Lascary,Centre-Forward,0,1.0,0.0,0.29,0.13,2.14,0.71,3.0,50.00,3.0,0.71,2.0,0.0,7.95,0.0,12.0,3.0,1.0,15.0,31.0,55.0
163,Gaëtan Laborde,Centre-Forward,0.2,30.0,25.0,0.42,0.15,2.78,1.47,54.0,45.38,58.0,2.81,47.0,7.0,14.45,6.2,177.0,58.0,28.0,464.0,558.0,1122.0
164,Alexandre Lacazette,Centre-Forward,0.17,48.0,18.0,0.55,0.17,3.29,1.45,28.0,37.84,108.0,3.48,48.0,15.0,7.2,5.6,210.0,108.0,59.0,495.0,704.0,1264.0
165,Mohamed Lamine Bayo,Centre-Forward,0.25,1.0,5.0,0.44,0.15,3.06,1.39,13.0,44.83,5.0,3.61,12.0,6.0,5.2,1.9,39.0,5.0,5.0,70.0,117.0,191.0
166,Sam Lammers,Centre-Forward,0.09,12.0,12.0,0.22,0.09,2.32,0.68,49.0,46.67,38.0,2.41,24.0,2.0,13.55,1.0,93.0,38.0,26.0,365.0,342.0,767.0
167,Cyle Larin,Centre-Forward,0.16,7.0,11.0,0.36,0.12,3.01,1.04,43.0,41.75,17.0,2.02,16.0,29.0,7.05,1.1,89.0,17.0,5.0,189.0,242.0,470.0
168,Kevin Lasagna,Centre-Forward,0.1,9.0,14.0,0.34,0.12,2.97,0.63,20.0,22.73,19.0,2.23,17.0,15.0,9.1,0.4,67.0,19.0,9.0,182.0,249.0,482.0
169,Juanmi Latasa,Centre-Forward,0.12,6.0,0.0,0.22,0.07,3,0.8,68.0,55.74,19.0,2.4,6.0,1.0,8.05,0.6,27.0,19.0,7.0,115.0,110.0,240.0
170,Marko Lazeti?,Centre-Forward,0,0.0,0.0,0,0,0,0,0.0,0,0.0,0,0.0,0.0,0.0,0.0,0.0,0.0,0.0,0.0,0.0,0.0
171,Jérémy Le Douaron,Centre-Forward,0.07,14.0,13.0,0.37,0.15,2.39,1,61.0,46.21,31.0,2,17.0,10.0,5.55,1.1,86.0,31.0,18.0,300.0,341.0,718.0
172,Tim Lemperle,Centre-Forward,0.67,2.0,2.0,0.07,0.05,1.33,0,4.0,33.33,5.0,4.67,3.0,0.0,6.3,1.0,9.0,5.0,3.0,37.0,38.0,85.0
173,Sergio León,Centre-Forward,0.08,6.0,6.0,0.16,0.09,1.76,1.01,18.0,27.69,22.0,1.76,12.0,20.0,8.15,0.6,49.0,22.0,5.0,159.0,170.0,343.0
174,Robert Lewandowski,Centre-Forward,0.2,31.0,25.0,0.74,0.18,4.24,1.77,52.0,53.61,100.0,2.88,35.0,22.0,6.9,5.3,210.0,100.0,49.0,432.0,694.0,1154.0
175,Jamie Leweling,Second Striker,0.1,2.0,2.0,0.24,0.08,3.1,1.72,1.0,11.11,4.0,3.45,3.0,1.0,8.35,0.3,18.0,4.0,2.0,33.0,82.0,123.0
176,Anthony Lozano,Centre-Forward,0.05,6.0,7.0,0.17,0.09,1.88,0.5,60.0,43.17,28.0,2.13,11.0,8.0,8.35,1.0,47.0,28.0,19.0,246.0,199.0,495.0
177,José Luis Morales,Centre-Forward,0.12,10.0,26.0,0.48,0.16,3.04,1.56,8.0,33.33,15.0,2.15,9.0,11.0,7.35,1.0,79.0,15.0,4.0,142.0,233.0,402.0
178,Romelu Lukaku,Centre-Forward,0.22,15.0,12.0,0.4,0.15,2.66,1.09,39.0,52.70,41.0,3.97,32.0,13.0,7.5,2.9,100.0,41.0,17.0,211.0,339.0,573.0
179,Jordan Majchrzak,Centre-Forward,0,0.0,0.0,0,0,0,0,1.0,20.00,0.0,0,0.0,0.0,0.0,0.0,0.0,0.0,1.0,2.0,2.0,4.0
180,Béni Makouana,Centre-Forward,0,1.0,0.0,0.36,0.13,2.73,0.45,3.0,30.00,2.0,0.91,1.0,0.0,6.95,0.0,11.0,2.0,0.0,28.0,36.0,67.0
181,Donyell Malen,Centre-Forward,0.23,26.0,38.0,0.48,0.14,3.37,1.58,6.0,35.29,60.0,4.21,29.0,3.0,7.95,5.2,101.0,60.0,41.0,321.0,498.0,869.0
182,Sekou Mara,Centre-Forward,0.13,2.0,2.0,0.16,0.06,2.74,0.65,25.0,38.46,7.0,1.94,6.0,3.0,8.1,0.3,26.0,7.0,6.0,99.0,103.0,221.0
183,Alberto Marí,Centre-Forward,0,0.0,1.0,0.2,0.1,2,1,2.0,40.00,1.0,0,0.0,2.0,5.35,0.0,7.0,1.0,1.0,12.0,15.0,30.0
184,Mariano,Centre-Forward,0.24,0.0,0.0,0.35,0.12,2.94,0,5.0,62.50,2.0,0.59,1.0,1.0,5.15,0.7,8.0,2.0,3.0,21.0,29.0,52.0
185,Roger Martí,Centre-Forward,0.08,4.0,9.0,0.22,0.15,1.46,0.35,16.0,31.37,12.0,1.74,14.0,12.0,15.25,0.6,40.0,12.0,10.0,213.0,179.0,437.0
186,Anthony Martial,Centre-Forward,0.13,13.0,8.0,0.5,0.21,2.39,1.1,10.0,37.04,35.0,2.57,12.0,7.0,6.6,1.4,49.0,35.0,14.0,166.0,249.0,442.0
187,Andrés Martín,Centre-Forward,0.22,3.0,1.0,0.22,0.13,1.74,0.87,5.0,71.43,4.0,2.61,1.0,0.0,6.85,0.2,5.0,4.0,1.0,32.0,48.0,102.0
188,Carlos Martín,Centre-Forward,0,0.0,0.0,0.33,0.1,3.33,3.33,0.0,0,0.0,0,0.0,1.0,8.45,0.0,1.0,0.0,0.0,9.0,5.0,14.0
189,Lautaro Martínez,Centre-Forward,0.19,25.0,22.0,0.58,0.13,4.37,1.78,40.0,48.78,83.0,3.29,46.0,13.0,7.55,2.9,171.0,83.0,39.0,474.0,536.0,1083.0
190,Roger Martínez,Centre-Forward,0,0.0,0.0,0,0,10,0,0.0,0,1.0,20,0.0,0.0,13.25,0.0,1.0,1.0,1.0,1.0,5.0,6.0
191,Jaime Mata,Centre-Forward,0.27,6.0,0.0,0.39,0.14,2.86,1.02,10.0,40.00,10.0,2.04,6.0,4.0,6.0,0.7,20.0,10.0,6.0,73.0,90.0,190.0
192,Jean-Philippe Mateta,Centre-Forward,0.07,1.0,5.0,0.4,0.13,3.14,0.81,26.0,37.14,6.0,0.93,5.0,8.0,6.1,0.2,38.0,6.0,4.0,112.0,119.0,266.0
193,Neal Maupay,Centre-Forward,0.05,2.0,3.0,0.39,0.15,2.58,1.05,15.0,23.81,11.0,1.45,7.0,1.0,7.15,0.3,49.0,11.0,8.0,172.0,194.0,387.0
194,Eric Maxim Choupo-Moting,Centre-Forward,0.15,12.0,7.0,0.43,0.18,2.42,1.21,18.0,46.15,43.0,3.39,16.0,11.0,6.3,2.1,68.0,43.0,23.0,175.0,214.0,406.0
195,Keke Maximilian Topp,Centre-Forward,0,1.0,0.0,0,0,5,0,1.0,100.00,0.0,0,0.0,0.0,5.75,0.2,1.0,0.0,0.0,2.0,8.0,10.0
196,Borja Mayoral,Centre-Forward,0.09,21.0,25.0,0.21,0.13,1.63,0.62,36.0,30.00,64.0,1.89,22.0,11.0,7.3,3.4,118.0,64.0,35.0,495.0,449.0,1038.0
197,Ibrahim Maza,Centre-Forward,0,0.0,1.0,1,0.8,1.25,1.25,0.0,0.00,0.0,1.25,0.0,0.0,3.6,0.0,3.0,0.0,0.0,6.0,8.0,24.0
198,Kylian Mbappé,Centre-Forward,0.24,76.0,86.0,0.71,0.15,4.6,2.33,8.0,61.54,128.0,4.57,55.0,33.0,7.95,9.4,302.0,128.0,81.0,594.0,1149.0,1766.0
199,Memphis,Centre-Forward,0.14,5.0,7.0,0.91,0.23,3.95,1.86,2.0,22.22,15.0,4.88,8.0,1.0,11.7,0.9,40.0,15.0,7.0,72.0,141.0,223.0
200,Sven Michel,Centre-Forward,0.16,4.0,1.0,0.16,0.06,2.73,0.36,25.0,35.21,12.0,2.36,7.0,4.0,12.1,0.3,20.0,12.0,9.0,85.0,152.0,258.0
201,Arkadiusz Milik,Centre-Forward,0.12,9.0,2.0,0.31,0.13,2.32,1.16,38.0,37.62,35.0,1.89,18.0,9.0,11.0,0.7,76.0,35.0,19.0,349.0,276.0,669.0
202,Marko Milovanovi?,Centre-Forward,0,0.0,0.0,0,0,0,0,0.0,0,0.0,0,0.0,0.0,0.0,0.0,0.0,0.0,0.0,0.0,0.0,0.0
203,Rafa Mir,Centre-Forward,0.07,0.0,8.0,0.51,0.15,3.47,1.04,37.0,46.84,11.0,1.32,9.0,18.0,6.25,0.9,71.0,11.0,7.0,170.0,192.0,396.0
204,Aleksandar Mitrovi?,Centre-Forward,0,0.0,0.0,0,0,0,0,0.0,0,0.0,0,0.0,0.0,0.0,0.0,0.0,0.0,0.0,0.0,0.0,0.0
205,Anthony Modeste,Centre-Forward,0.12,5.0,2.0,0.48,0.19,2.56,1.11,33.0,47.14,8.0,1.33,7.0,6.0,5.55,0.5,34.0,8.0,5.0,98.0,88.0,219.0
206,Terem Moffi,Centre-Forward,0.11,12.0,25.0,0.46,0.18,2.55,1.19,32.0,30.19,40.0,2.52,36.0,9.0,14.25,1.8,136.0,40.0,21.0,339.0,356.0,717.0
207,Mostafa Mohamed,Centre-Forward,0.08,5.0,11.0,0.34,0.13,2.7,1.12,76.0,46.63,22.0,1.72,15.0,13.0,7.1,1.1,107.0,22.0,17.0,259.0,288.0,607.0
208,Daniele Montevago,Centre-Forward,0.08,0.0,1.0,0.19,0.07,2.69,0.38,14.0,37.84,0.0,2.69,4.0,4.0,6.55,0.3,18.0,0.0,1.0,31.0,44.0,79.0
209,Kieffer Moore,Centre-Forward,0.02,6.0,2.0,0.31,0.19,1.62,0.56,68.0,53.13,23.0,1.27,5.0,1.0,5.6,0.5,49.0,23.0,16.0,286.0,178.0,522.0
210,Álvaro Morata,Centre-Forward,0.09,5.0,16.0,0.56,0.17,3.36,1.52,53.0,58.24,17.0,2.27,17.0,26.0,6.1,1.2,105.0,17.0,6.0,297.0,299.0,655.0
211,Gerard Moreno,Centre-Forward,0.2,25.0,11.0,0.53,0.18,2.99,1.39,19.0,52.78,68.0,3.5,19.0,13.0,7.9,1.4,67.0,68.0,35.0,282.0,309.0,632.0
212,Loren Morón,Centre-Forward,0,0.0,0.0,0,0,0,0,0.0,0.00,0.0,0,0.0,0.0,0.0,0.0,0.0,0.0,0.0,5.0,4.0,11.0
213,Dany Mota,Centre-Forward,0.1,14.0,31.0,0.24,0.18,1.32,0.52,33.0,35.48,34.0,2.69,27.0,13.0,6.05,1.8,94.0,34.0,21.0,405.0,364.0,835.0
214,Lebo Mothiba,Centre-Forward,0.02,1.0,2.0,0.23,0.12,1.88,0.83,10.0,29.41,7.0,1.25,1.0,0.0,6.5,0.1,12.0,7.0,5.0,76.0,71.0,157.0
215,Youssoufa Moukoko,Centre-Forward,0.14,8.0,6.0,0.5,0.18,2.76,1.5,5.0,55.56,11.0,2.28,12.0,1.0,7.45,1.0,62.0,11.0,6.0,137.0,191.0,346.0
216,Steve Mounié,Centre-Forward,0.04,3.0,9.0,0.35,0.11,3.15,1.03,151.0,58.98,32.0,2.01,13.0,10.0,7.45,1.3,95.0,32.0,26.0,325.0,290.0,674.0
217,Bevic Moussiti-Oko,Centre-Forward,0.1,2.0,6.0,0.23,0.09,2.56,0.9,53.0,53.00,10.0,2.31,5.0,2.0,6.3,0.4,37.0,10.0,10.0,119.0,122.0,261.0
218,Divin Mubama,Centre-Forward,0,0.0,0.0,0,0,0,0,2.0,50.00,0.0,5,1.0,0.0,0.0,0.0,0.0,0.0,0.0,6.0,3.0,11.0
219,Thomas Müller,Second Striker,0.36,37.0,11.0,0.48,0.19,2.54,1.24,39.0,61.90,88.0,4.65,40.0,5.0,6.25,7.1,114.0,88.0,39.0,409.0,521.0,1020.0
220,Álvaro Muñoz,Centre-Forward,0.33,1.0,0.0,0.22,0.1,2.22,1.11,2.0,33.33,1.0,1.11,1.0,3.0,4.0,0.1,4.0,1.0,0.0,9.0,12.0,23.0
221,Pablo Muñoz,Second Striker,0,0.0,0.0,0,0,0,0,0.0,0,1.0,0,0.0,0.0,0.0,0.0,0.0,1.0,1.0,2.0,3.0,6.0
222,Luis Muriel,Centre-Forward,0.29,34.0,22.0,0.17,0.06,2.77,0.67,11.0,28.95,71.0,5.63,37.0,3.0,10.3,4.1,70.0,71.0,29.0,251.0,428.0,711.0
223,Vedat Muriqi,Centre-Forward,0.06,6.0,10.0,0.26,0.12,2.18,0.77,198.0,55.93,60.0,1.47,21.0,29.0,7.65,1.7,112.0,60.0,43.0,592.0,450.0,1189.0
224,Marlon Mustapha,Centre-Forward,0.38,1.0,2.0,0.63,0.17,3.75,0,1.0,33.33,2.0,3.75,1.0,1.0,8.15,0.0,5.0,2.0,1.0,22.0,22.0,45.0
225,Herculano Nabian,Centre-Forward,0,0.0,0.0,0,0,0,0,0.0,0,0.0,0,0.0,0.0,0.0,0.0,0.0,0.0,0.0,1.0,0.0,1.0
226,Juanjo Narváez,Centre-Forward,0,0.0,0.0,0.13,0.07,1.88,0,3.0,33.33,0.0,0,0.0,1.0,5.3,0.0,6.0,0.0,0.0,17.0,25.0,51.0
227,Papa Ndiaga Yade,Second Striker,0.21,7.0,3.0,0.11,0.07,1.59,0.48,5.0,41.67,16.0,3.17,10.0,2.0,10.15,0.8,11.0,16.0,9.0,187.0,146.0,421.0
228,Álvaro Negredo,Centre-Forward,0.29,4.0,0.0,0.21,0.08,2.62,0.83,31.0,54.39,17.0,2.5,10.0,7.0,8.4,1.6,29.0,17.0,11.0,135.0,91.0,246.0
229,Ilija Nestorovski,Centre-Forward,0.07,2.0,1.0,0.23,0.11,1.97,0.56,12.0,25.53,19.0,0.99,2.0,5.0,7.6,0.4,29.0,19.0,7.0,125.0,86.0,228.0
230,Jessic Ngankam,Centre-Forward,0.03,3.0,6.0,0.36,0.18,1.96,0.76,14.0,21.21,7.0,2.07,6.0,1.0,6.9,0.3,34.0,7.0,7.0,102.0,107.0,232.0
231,Ibrahima Niane,Centre-Forward,0.04,4.0,4.0,0.27,0.13,2.06,0.87,23.0,31.51,24.0,1.59,8.0,2.0,6.85,0.6,40.0,24.0,17.0,190.0,151.0,367.0
232,M'Baye Niang,Centre-Forward,0.04,7.0,12.0,0.3,0.14,2.18,0.73,68.0,51.13,30.0,1.33,7.0,8.0,6.75,0.6,68.0,30.0,13.0,279.0,217.0,536.0
233,Florian Niederlechner,Centre-Forward,0.03,8.0,5.0,0.28,0.11,2.61,1.17,47.0,37.60,29.0,1.76,9.0,18.0,15.4,1.1,71.0,29.0,23.0,257.0,262.0,581.0
234,Fernando Niño,Centre-Forward,0,0.0,0.0,0.5,0.1,5,0,0.0,0.00,0.0,5,0.0,0.0,5.95,0.0,1.0,0.0,0.0,3.0,6.0,9.0
235,Eddie Nketiah,Centre-Forward,0.11,6.0,22.0,0.68,0.2,3.39,1.16,10.0,24.39,15.0,2.4,9.0,8.0,5.65,1.3,87.0,15.0,9.0,157.0,221.0,407.0
236,Christopher Nkunku,Second Striker,0.2,28.0,23.0,0.54,0.16,3.32,1.18,17.0,39.53,71.0,4.64,39.0,12.0,7.95,4.6,128.0,71.0,35.0,356.0,448.0,850.0
237,Lukas Nmecha,Centre-Forward,0.05,5.0,5.0,0.3,0.14,2.2,0.7,17.0,47.22,18.0,2.7,6.0,8.0,7.05,0.4,34.0,18.0,17.0,131.0,169.0,317.0
238,Darwin Núñez,Centre-Forward,0.29,12.0,31.0,0.64,0.14,4.47,1.86,36.0,41.38,29.0,2.87,28.0,17.0,7.55,2.8,154.0,29.0,11.0,179.0,412.0,633.0
239,M'Bala Nzola,Centre-Forward,0.08,18.0,28.0,0.29,0.14,2.03,0.68,42.0,34.43,50.0,2.27,28.0,10.0,7.45,2.7,143.0,50.0,23.0,351.0,562.0,963.0
240,David Okereke,Centre-Forward,0.04,24.0,17.0,0.21,0.09,2.38,0.79,49.0,36.57,70.0,2.9,21.0,9.0,8.6,1.1,91.0,70.0,31.0,325.0,412.0,787.0
241,Ado Onaiwu,Centre-Forward,0.09,10.0,6.0,0.13,0.08,1.58,0.33,37.0,49.33,30.0,1.67,8.0,3.0,8.6,1.4,35.0,30.0,19.0,202.0,198.0,438.0
242,Karim Onisiwo,Centre-Forward,0.12,22.0,33.0,0.29,0.12,2.41,1.13,56.0,45.53,48.0,3.01,33.0,22.0,7.8,4.2,157.0,48.0,23.0,387.0,569.0,978.0
243,Paul Onuachu,Centre-Forward,0.02,2.0,0.0,0.29,0.12,2.44,1.11,37.0,55.22,7.0,1.56,4.0,6.0,7.1,0.1,25.0,7.0,4.0,66.0,73.0,153.0
244,Loïs Openda,Centre-Forward,0.15,17.0,39.0,0.63,0.17,3.68,1.75,13.0,39.39,42.0,2.39,24.0,22.0,6.55,3.7,166.0,42.0,18.0,247.0,458.0,711.0
245,Divock Origi,Centre-Forward,0.11,6.0,13.0,0.18,0.07,2.54,1.05,15.0,30.61,18.0,2.11,11.0,6.0,9.1,0.5,49.0,18.0,7.0,131.0,183.0,336.0
246,Victor Osimhen,Centre-Forward,0.1,10.0,27.0,0.66,0.14,4.63,1.82,65.0,54.62,28.0,2.81,34.0,32.0,6.4,1.7,232.0,28.0,20.0,224.0,537.0,786.0
247,Gonçalo Paciência,Centre-Forward,0.08,5.0,5.0,0.26,0.06,4.05,1.35,29.0,55.77,11.0,2.43,6.0,0.0,8.6,0.5,50.0,11.0,10.0,110.0,169.0,297.0
248,Jordan Pefok,Centre-Forward,0.12,8.0,1.0,0.19,0.09,2.12,0.4,106.0,53.54,27.0,1.92,18.0,9.0,6.1,1.1,71.0,27.0,18.0,195.0,244.0,488.0
249,Pietro Pellegri,Centre-Forward,0.1,3.0,3.0,0.29,0.15,1.92,0.96,11.0,25.00,8.0,1.54,5.0,7.0,6.25,0.5,20.0,8.0,3.0,58.0,92.0,159.0
250,Ricardo Pepi,Centre-Forward,0.09,0.0,1.0,0.09,0.1,0.91,0,3.0,27.27,1.0,1.82,2.0,0.0,7.3,0.0,2.0,1.0,0.0,21.0,14.0,40.0
251,Juan Perea,Centre-Forward,0.15,2.0,2.0,0.04,0.1,0.43,0.22,6.0,25.00,8.0,1.96,2.0,6.0,5.3,0.4,12.0,8.0,7.0,65.0,66.0,145.0
252,Ayoze Pérez,Second Striker,0.18,20.0,25.0,0.29,0.14,2.14,0.82,10.0,26.32,59.0,3.21,24.0,2.0,16.35,2.6,92.0,59.0,32.0,358.0,397.0,857.0
253,Lucas Pérez,Centre-Forward,0.09,7.0,3.0,0.29,0.12,2.43,0.86,2.0,20.00,14.0,2.29,4.0,6.0,9.4,1.0,16.0,14.0,13.0,121.0,140.0,286.0
254,Andrea Petagna,Centre-Forward,0.24,10.0,11.0,0.26,0.14,1.89,0.65,39.0,52.00,34.0,2.22,30.0,10.0,6.6,2.0,88.0,34.0,20.0,343.0,256.0,640.0
255,Nils Petersen,Centre-Forward,0,1.0,1.0,0.39,0.13,2.9,0.65,14.0,37.84,5.0,1.61,1.0,3.0,8.85,0.0,15.0,5.0,1.0,55.0,65.0,138.0
256,Luca Pfeiffer,Centre-Forward,0.13,5.0,0.0,0.21,0.13,1.54,0.13,30.0,51.72,22.0,3.08,12.0,1.0,6.9,1.1,29.0,22.0,8.0,156.0,85.0,255.0
257,Maximilian Philipp,Second Striker,0.03,2.0,4.0,0.34,0.18,1.94,0.65,8.0,24.24,7.0,2.26,5.0,4.0,17.1,0.3,19.0,7.0,6.0,121.0,95.0,247.0
258,Krzysztof Pi?tek,Centre-Forward,0,0.0,0.0,0,0,0,0,0.0,0,0.0,0,0.0,0.0,0.0,0.0,0.0,0.0,0.0,0.0,0.0,0.0
259,Roberto Piccoli,Centre-Forward,0.08,0.0,2.0,0.22,0.11,2.05,1.03,21.0,35.00,4.0,1.28,5.0,8.0,14.1,0.2,29.0,4.0,6.0,94.0,104.0,225.0
260,Andrea Pinamonti,Centre-Forward,0.06,14.0,11.0,0.26,0.1,2.75,0.88,36.0,31.30,29.0,2.21,17.0,8.0,7.65,1.6,120.0,29.0,15.0,351.0,367.0,737.0
261,Alassane Pléa,Centre-Forward,0.2,34.0,13.0,0.17,0.13,1.37,0.56,14.0,32.56,94.0,3.4,32.0,4.0,9.3,5.3,57.0,94.0,72.0,462.0,400.0,945.0
262,Joel Pohjanpalo,Centre-Forward,0,0.0,0.0,0,0,0,0,0.0,0.00,0.0,0,0.0,1.0,0.0,0.0,0.0,0.0,0.0,1.0,0.0,1.0
263,Sebastian Polter,Centre-Forward,0.14,5.0,2.0,0.29,0.17,1.71,1,39.0,52.70,11.0,2.29,9.0,3.0,4.9,0.8,43.0,11.0,5.0,104.0,108.0,230.0
264,Ezequiel Ponce,Centre-Forward,0.06,4.0,5.0,0.29,0.12,2.32,0.72,35.0,44.30,19.0,2,11.0,8.0,6.45,0.3,47.0,19.0,21.0,232.0,151.0,421.0
265,Yussuf Poulsen,Centre-Forward,0.39,2.0,3.0,0.28,0.1,2.83,1.3,27.0,69.23,7.0,2.83,8.0,2.0,6.7,1.6,28.0,7.0,7.0,102.0,80.0,198.0
266,Abdón Prats,Centre-Forward,0.3,3.0,3.0,0.15,0.12,1.3,0.87,14.0,26.92,8.0,1.09,7.0,2.0,6.95,0.2,16.0,8.0,4.0,78.0,54.0,141.0
267,Fabio Quagliarella,Centre-Forward,0.08,7.0,3.0,0.31,0.08,4.04,0.67,9.0,24.32,25.0,2.58,7.0,6.0,8.25,0.7,46.0,25.0,15.0,142.0,166.0,340.0
268,Antonio Raimondo,Centre-Forward,0,0.0,0.0,0,0,0,0,0.0,0.00,0.0,0,0.0,0.0,0.0,0.0,1.0,0.0,1.0,2.0,3.0,6.0
269,Chris Ramos,Centre-Forward,0.03,1.0,4.0,0.38,0.1,3.92,0.76,65.0,57.52,6.0,1.52,4.0,0.0,6.65,0.7,56.0,6.0,7.0,95.0,141.0,276.0
270,Giacomo Raspadori,Second Striker,0.12,13.0,5.0,0.33,0.09,3.87,1.51,3.0,27.27,35.0,4.06,18.0,1.0,8.55,1.3,57.0,35.0,21.0,245.0,298.0,592.0
271,Richarlison,Centre-Forward,0.2,10.0,13.0,0.29,0.12,2.41,1.25,18.0,38.30,28.0,3.13,16.0,9.0,6.3,1.5,62.0,28.0,16.0,172.0,200.0,441.0
272,Rodrigo,Centre-Forward,0.08,17.0,24.0,0.34,0.11,3.07,1.16,34.0,34.00,44.0,2.09,16.0,10.0,7.9,1.3,110.0,44.0,23.0,372.0,341.0,803.0
273,Ángel Rodríguez,Centre-Forward,0.02,1.0,4.0,0.64,0.22,2.95,1.36,10.0,52.63,6.0,1.14,3.0,2.0,6.55,0.1,21.0,6.0,6.0,61.0,52.0,128.0
274,Pablo Rodríguez,Second Striker,0,0.0,0.0,0,0,0,0,0.0,0.00,3.0,0,1.0,0.0,0.0,0.0,0.0,3.0,2.0,18.0,11.0,32.0
275,Iván Romero,Centre-Forward,0,0.0,0.0,0,0,0,0,1.0,100.00,0.0,0,0.0,0.0,0.0,0.0,0.0,0.0,0.0,3.0,2.0,5.0
276,Cristiano Ronaldo,Centre-Forward,0.07,1.0,3.0,0.33,0.08,4.31,1.03,15.0,65.22,12.0,1.72,6.0,8.0,8.85,0.2,32.0,12.0,7.0,91.0,106.0,220.0
277,Salomón Rondón,Centre-Forward,0.17,1.0,0.0,0.67,0.2,3.33,0.83,7.0,53.85,1.0,3.33,2.0,2.0,9.65,0.1,4.0,1.0,2.0,15.0,19.0,36.0
278,Georginio Rutter,Centre-Forward,0.18,11.0,27.0,0.24,0.11,2.18,0.99,20.0,38.46,31.0,3.03,14.0,18.0,14.85,3.4,87.0,31.0,12.0,145.0,284.0,462.0
279,Umar Sadiq,Centre-Forward,0.06,1.0,7.0,0.56,0.25,2.22,1.11,6.0,33.33,3.0,1.94,3.0,11.0,8.7,0.1,20.0,3.0,0.0,40.0,54.0,100.0
280,Amine Salama,Centre-Forward,0.11,12.0,16.0,0.22,0.12,1.8,0.79,8.0,29.63,21.0,1.94,9.0,6.0,7.6,1.9,48.0,21.0,17.0,232.0,215.0,484.0
281,Fede San Emeterio,Centre-Forward,0.04,5.0,1.0,0.01,0.05,0.29,0.05,23.0,43.40,45.0,0.88,6.0,0.0,9.15,0.4,8.0,45.0,45.0,498.0,91.0,834.0
282,Leandro Sanca,Second Striker,0,0.0,0.0,0,0,0,0,0.0,0.00,0.0,0,0.0,0.0,0.0,0.0,0.0,0.0,0.0,6.0,11.0,17.0
283,Amin Sarr,Centre-Forward,0.07,4.0,5.0,0.2,0.2,1,0.83,10.0,35.71,9.0,1.5,4.0,1.0,6.35,0.3,20.0,9.0,6.0,96.0,97.0,203.0
284,Martin Satriano,Centre-Forward,0.06,9.0,12.0,0.21,0.1,2.01,0.53,43.0,41.35,22.0,1.69,14.0,5.0,7.65,1.4,77.0,22.0,16.0,250.0,291.0,597.0
285,Gianluca Scamacca,Centre-Forward,0.07,5.0,3.0,0.24,0.08,2.91,0.97,17.0,44.74,17.0,2.33,13.0,6.0,9.35,0.5,38.0,17.0,14.0,135.0,128.0,273.0
286,Derry Scherhant,Centre-Forward,0.03,0.0,4.0,0.06,0.05,1.25,0.31,2.0,22.22,1.0,1.25,1.0,0.0,7.95,0.0,7.0,1.0,0.0,47.0,37.0,101.0
287,Patrik Schick,Centre-Forward,0.06,7.0,3.0,0.44,0.14,3.24,1.33,30.0,44.12,11.0,2.67,10.0,0.0,6.4,0.4,48.0,11.0,3.0,168.0,172.0,358.0
288,Haris Seferovi?,Centre-Forward,0,0.0,0.0,0,0,0,0,0.0,0,0.0,0,0.0,0.0,0.0,0.0,0.0,0.0,0.0,0.0,0.0,0.0
289,Davie Selke,Centre-Forward,0.14,4.0,2.0,0.3,0.12,2.58,1.41,87.0,54.72,21.0,2.34,13.0,7.0,14.55,1.7,65.0,21.0,9.0,196.0,173.0,405.0
290,Vivaldo Semedo,Centre-Forward,0,1.0,0.0,0.25,0.1,2.5,0,0.0,0.00,1.0,0,0.0,0.0,5.8,0.0,2.0,1.0,1.0,4.0,7.0,11.0
291,Antoine Semenyo,Centre-Forward,0.03,0.0,4.0,0.1,0.1,1.03,0.34,9.0,50.00,5.0,2.41,2.0,1.0,8.6,0.0,5.0,5.0,5.0,43.0,39.0,102.0
292,Eldor Shomurodov,Centre-Forward,0.14,6.0,5.0,0.33,0.14,2.33,0.68,22.0,37.29,19.0,2.04,11.0,4.0,17.75,0.8,45.0,19.0,7.0,156.0,185.0,369.0
293,Kaj Sierhuis,Centre-Forward,0,0.0,1.0,0.17,0.08,2.08,0.42,2.0,20.00,3.0,1.67,0.0,0.0,7.15,0.1,15.0,3.0,2.0,28.0,54.0,91.0
294,André Silva,Centre-Forward,0.15,13.0,23.0,0.48,0.15,3.11,1.14,20.0,36.36,37.0,3.26,26.0,10.0,6.75,2.9,120.0,37.0,16.0,281.0,409.0,717.0
295,Giovanni Simeone,Centre-Forward,0.27,2.0,3.0,0.31,0.1,3.11,1.78,6.0,24.00,9.0,2.44,5.0,1.0,8.75,0.3,25.0,9.0,3.0,87.0,92.0,194.0
296,Ellis Simms,Centre-Forward,0.04,1.0,2.0,0.36,0.11,3.2,0.4,11.0,35.48,4.0,2.4,2.0,1.0,8.05,0.4,11.0,4.0,3.0,36.0,47.0,84.0
297,Lassine Sinayoko,Centre-Forward,0.16,28.0,22.0,0.18,0.08,2.41,0.75,22.0,36.07,74.0,3.51,23.0,5.0,8.65,1.8,76.0,74.0,38.0,329.0,355.0,787.0
298,Islam Slimani,Centre-Forward,0.11,4.0,2.0,0.15,0.12,1.27,0.18,22.0,46.81,26.0,2.09,13.0,10.0,7.05,1.5,45.0,26.0,22.0,269.0,170.0,466.0
299,Rubén Sobrino,Centre-Forward,0.08,8.0,12.0,0.18,0.15,1.2,0.44,60.0,48.39,46.0,1.93,24.0,8.0,6.8,1.8,75.0,46.0,28.0,401.0,359.0,952.0
300,Dominic Solanke,Centre-Forward,0.12,17.0,36.0,0.29,0.12,2.39,0.88,52.0,34.67,47.0,1.92,21.0,11.0,6.4,2.4,159.0,47.0,22.0,423.0,454.0,1012.0
301,Florian Sotoca,Centre-Forward,0.24,56.0,16.0,0.24,0.09,2.54,0.86,56.0,55.45,186.0,3.98,59.0,9.0,7.8,6.1,140.0,186.0,122.0,915.0,775.0,1884.0
302,Moussa Soumano,Centre-Forward,0.05,1.0,4.0,0.09,0.08,1.09,0.36,8.0,25.81,1.0,1.82,5.0,3.0,8.75,0.4,10.0,1.0,0.0,54.0,43.0,101.0
303,Dyego Sousa,Centre-Forward,0.17,5.0,4.0,0.2,0.09,2.2,0.68,27.0,51.92,16.0,2.37,10.0,4.0,7.1,0.9,35.0,16.0,4.0,110.0,114.0,256.0
304,Jay Stansfield,Centre-Forward,0.1,0.0,0.0,0.3,0.15,2,0,0.0,0.00,0.0,4,1.0,0.0,6.95,0.0,7.0,0.0,0.0,14.0,15.0,35.0
305,Jørgen Strand Larsen,Centre-Forward,0.11,3.0,9.0,0.3,0.14,2.17,0.79,42.0,47.19,14.0,1.53,12.0,13.0,6.3,1.1,84.0,14.0,14.0,277.0,248.0,576.0
306,Dávid Strelec,Centre-Forward,0.05,0.0,0.0,0.26,0.17,1.58,0.53,5.0,45.45,1.0,2.11,1.0,2.0,5.6,0.1,12.0,1.0,1.0,29.0,29.0,60.0
307,Cristhian Stuani,Centre-Forward,0.11,3.0,1.0,0.41,0.17,2.4,1.24,21.0,46.67,10.0,1.49,7.0,7.0,6.5,1.2,56.0,10.0,6.0,133.0,121.0,275.0
308,Isaac Success,Centre-Forward,0.2,19.0,13.0,0.16,0.09,1.73,0.25,38.0,45.24,53.0,4.01,31.0,11.0,8.15,3.3,101.0,53.0,22.0,356.0,439.0,831.0
309,Sam Surridge,Centre-Forward,0.03,0.0,1.0,0.5,0.2,2.5,0.56,13.0,44.83,6.0,1.11,1.0,3.0,5.8,0.0,15.0,6.0,4.0,55.0,59.0,137.0
310,Alexander Sørloth,Centre-Forward,0.16,10.0,19.0,0.48,0.2,2.37,1.02,60.0,52.63,20.0,2.22,31.0,17.0,5.65,1.9,110.0,20.0,11.0,331.0,434.0,810.0
311,Mathys Tel,Centre-Forward,0.15,5.0,6.0,0.59,0.14,4.35,2.39,8.0,42.11,11.0,3.48,6.0,4.0,7.5,0.4,37.0,11.0,7.0,98.0,132.0,240.0
312,Semir Telalovic,Centre-Forward,0,0.0,0.0,1,0.1,10,10,1.0,20.00,0.0,0,0.0,0.0,12.5,0.0,0.0,0.0,0.0,1.0,3.0,4.0
313,Simon Terodde,Centre-Forward,0.11,7.0,3.0,0.27,0.13,2.12,0.94,71.0,37.37,19.0,2.81,22.0,26.0,6.2,1.4,87.0,19.0,16.0,244.0,224.0,504.0
314,Marcus Thuram,Centre-Forward,0.19,20.0,47.0,0.59,0.18,3.3,1.58,41.0,41.41,46.0,2.37,29.0,18.0,6.35,3.1,175.0,46.0,16.0,421.0,454.0,945.0
315,Alexis Tibidi,Centre-Forward,0,0.0,0.0,0,0,0,0,2.0,66.67,0.0,3.75,0.0,0.0,0.0,0.0,0.0,0.0,0.0,13.0,11.0,25.0
316,Steffen Tigges,Centre-Forward,0.11,13.0,10.0,0.28,0.14,1.98,0.62,67.0,42.68,31.0,1.92,17.0,10.0,6.15,1.3,85.0,31.0,26.0,259.0,230.0,531.0
317,Raúl de Tomás,Centre-Forward,0.06,7.0,5.0,0.39,0.09,4.61,1.57,12.0,37.50,18.0,2.25,9.0,20.0,10.3,0.9,43.0,18.0,8.0,106.0,152.0,273.0
318,Tiago Tomás,Centre-Forward,0.25,16.0,16.0,0.2,0.09,2.38,0.91,6.0,23.08,25.0,2.59,20.0,3.0,9.55,2.3,55.0,25.0,10.0,199.0,259.0,510.0
319,Ivan Toney,Centre-Forward,0.16,26.0,8.0,0.4,0.15,2.65,1.01,109.0,48.23,79.0,2.01,27.0,27.0,8.25,3.5,156.0,79.0,54.0,529.0,557.0,1212.0
320,Nabil Touaizi,Centre-Forward,0,0.0,0.0,0,0,0,0,0.0,0.00,1.0,0,0.0,0.0,0.0,0.0,1.0,1.0,0.0,0.0,2.0,2.0
321,Mohamed Toure,Centre-Forward,0,0.0,3.0,0,0,0,0,1.0,20.00,1.0,6.67,1.0,1.0,0.0,0.0,7.0,1.0,0.0,2.0,10.0,13.0
322,Yoann Touzghar,Centre-Forward,0,0.0,1.0,0.04,0.07,0.6,0,9.0,31.03,7.0,0.4,1.0,3.0,5.55,0.1,10.0,7.0,5.0,79.0,52.0,143.0
323,Frank Tsadjout,Centre-Forward,0.04,5.0,5.0,0.17,0.08,2.22,0.85,59.0,49.58,18.0,1.88,10.0,4.0,8.65,0.3,49.0,18.0,14.0,197.0,176.0,404.0
324,Ike Ugbo,Centre-Forward,0.05,0.0,6.0,0.22,0.15,1.52,0.51,9.0,18.00,8.0,1.11,3.0,4.0,8.1,0.3,22.0,8.0,6.0,125.0,79.0,222.0
325,Enes Ünal,Centre-Forward,0.11,16.0,15.0,0.22,0.09,2.48,0.94,156.0,48.75,55.0,2.06,27.0,28.0,9.4,1.9,138.0,55.0,40.0,506.0,535.0,1111.0
326,Deniz Undav,Centre-Forward,0.16,3.0,4.0,0.64,0.17,3.86,1.71,5.0,41.67,10.0,3.14,8.0,7.0,6.9,1.1,42.0,10.0,8.0,97.0,116.0,231.0
327,Mark Uth,Second Striker,0,0.0,0.0,0.2,0.1,2,2,1.0,100.00,1.0,2,0.0,0.0,6.6,0.0,3.0,1.0,2.0,12.0,8.0,20.0
328,Diego Valencia,Centre-Forward,0.04,2.0,0.0,0.04,0.1,0.38,0.38,2.0,33.33,4.0,0.38,2.0,0.0,5.0,0.0,4.0,4.0,1.0,46.0,41.0,109.0
329,Manu Vallejo,Second Striker,0.13,3.0,2.0,0,0,0.43,0.43,0.0,0.00,10.0,4.35,3.0,1.0,6.3,0.3,8.0,10.0,8.0,45.0,54.0,110.0
330,Jamie Vardy,Centre-Forward,0.07,5.0,13.0,0.29,0.22,1.31,0.63,47.0,37.60,14.0,1.65,14.0,29.0,6.15,0.7,71.0,14.0,7.0,176.0,206.0,437.0
331,Gabriel Vidovic,Second Striker,0.5,1.0,0.0,0,0,0,0,0.0,0.00,1.0,10,2.0,0.0,0.0,0.1,2.0,1.0,0.0,6.0,7.0,14.0
332,Asier Villalibre,Centre-Forward,0.18,1.0,0.0,0.27,0.08,3.64,0.91,2.0,50.00,2.0,2.73,2.0,0.0,5.8,0.0,7.0,2.0,1.0,7.0,19.0,27.0
333,Carlos Vinícius,Centre-Forward,0.07,5.0,5.0,0.27,0.16,1.71,0.98,27.0,30.00,15.0,1.3,7.0,6.0,5.95,0.8,56.0,15.0,12.0,136.0,173.0,329.0
334,Dušan Vlahovi?,Centre-Forward,0,0.0,0.0,0,0,0,0,0.0,0,0.0,0,0.0,0.0,0.0,0.0,0.0,0.0,0.0,0.0,0.0,0.0
335,Joel Voelkerling Persson,Centre-Forward,0,1.0,0.0,0,0,0.91,0,8.0,44.44,3.0,2.73,1.0,0.0,6.55,0.0,3.0,3.0,0.0,26.0,23.0,49.0
336,Kevin Volland,Second Striker,0.23,8.0,5.0,0.24,0.11,2.11,0.99,11.0,44.00,31.0,2.54,14.0,7.0,7.8,1.3,37.0,31.0,14.0,122.0,133.0,267.0
337,Luca Waldschmidt,Second Striker,0,2.0,0.0,0.33,0.19,1.72,0.86,1.0,10.00,12.0,1.55,1.0,1.0,7.1,0.5,15.0,12.0,9.0,110.0,64.0,201.0
338,Ollie Watkins,Centre-Forward,0.11,16.0,32.0,0.43,0.18,2.42,1.3,70.0,41.18,39.0,2.28,31.0,18.0,6.3,2.7,164.0,39.0,23.0,365.0,488.0,925.0
339,Timothy Weah,Centre-Forward,0.08,25.0,13.0,0.13,0.08,1.55,0.57,13.0,39.39,79.0,2.27,16.0,4.0,10.8,2.2,38.0,79.0,53.0,571.0,404.0,1183.0
340,Wout Weghorst,Centre-Forward,0.13,1.0,0.0,0.22,0.14,1.57,0.56,15.0,37.50,17.0,3.03,14.0,5.0,6.25,1.2,26.0,17.0,8.0,151.0,97.0,291.0
341,Nelson Weiper,Centre-Forward,0.09,1.0,2.0,1.55,0.34,4.55,3.64,7.0,50.00,1.0,0.91,2.0,3.0,3.65,0.1,12.0,1.0,0.0,14.0,44.0,61.0
342,Shon Weissman,Centre-Forward,0.02,0.0,3.0,0.28,0.13,2.17,0.84,4.0,14.81,4.0,0.48,3.0,7.0,6.4,0.4,25.0,4.0,3.0,86.0,57.0,160.0
343,Danny Welbeck,Centre-Forward,0.21,15.0,10.0,0.46,0.15,3.01,1.07,32.0,54.24,49.0,3.16,30.0,5.0,7.05,1.7,117.0,49.0,32.0,281.0,376.0,693.0
344,Timo Werner,Centre-Forward,0.14,19.0,44.0,0.42,0.15,2.84,1.12,5.0,31.25,51.0,2.51,20.0,25.0,7.5,3.0,133.0,51.0,38.0,367.0,479.0,904.0
345,Iñaki Williams,Centre-Forward,0.15,27.0,57.0,0.29,0.11,2.63,1.02,32.0,47.06,61.0,2.7,38.0,22.0,7.55,4.1,181.0,61.0,24.0,389.0,707.0,1180.0
346,Callum Wilson,Centre-Forward,0.13,7.0,16.0,0.72,0.22,3.35,1.48,21.0,30.43,19.0,2.06,23.0,15.0,6.2,2.1,124.0,19.0,10.0,179.0,281.0,479.0
347,Jonas Wind,Centre-Forward,0.09,11.0,1.0,0.31,0.15,2.03,0.7,61.0,52.59,41.0,2.59,14.0,0.0,6.7,2.0,62.0,41.0,37.0,267.0,232.0,535.0
348,Jeong Woo-yeong,Second Striker,0.16,6.0,5.0,0.29,0.16,1.78,0.55,3.0,15.79,19.0,2.88,6.0,1.0,8.3,1.5,27.0,19.0,13.0,136.0,140.0,319.0
349,Chris Wood,Centre-Forward,0.05,3.0,0.0,0.22,0.18,1.21,0.44,42.0,47.19,11.0,1.21,6.0,6.0,11.45,0.4,24.0,11.0,8.0,127.0,91.0,247.0
350,Kelvin Yeboah,Centre-Forward,0.1,3.0,6.0,0.36,0.11,3.33,0.51,14.0,38.89,6.0,3.59,5.0,1.0,6.4,0.5,22.0,6.0,4.0,47.0,82.0,139.0
351,Duván Zapata,Centre-Forward,0.07,14.0,21.0,0.25,0.1,2.66,0.52,42.0,49.41,40.0,2.99,17.0,7.0,7.8,1.2,93.0,40.0,19.0,252.0,319.0,597.0
352,Joshua Zirkzee,Centre-Forward,0.15,6.0,5.0,0.34,0.11,3.19,0.88,12.0,32.43,17.0,3.96,16.0,2.0,8.15,0.5,33.0,17.0,12.0,177.0,185.0,379.0
353,Simon Zoller,Centre-Forward,0.07,4.0,6.0,0.25,0.14,1.85,0.56,15.0,42.86,21.0,1.23,9.0,7.0,6.3,0.5,55.0,21.0,16.0,218.0,181.0,460.0
354,Milan ?uri?,Centre-Forward,0,0.0,0.0,0,0,0,0,0.0,0,0.0,0,0.0,0.0,0.0,0.0,0.0,0.0,0.0,0.0,0.0,0.0
