,Player,Position,PTCrs,PTTB,LxA,LKP,LFTP,LPPA,LPrgP,Att_Pen,TOAtt,TOSucc,CaPrgC,CaCPA,PrgR,90s,npxG,npxG/Sh,SSh_p90,SSoT_90,Off
0,Zakaria Aboukhlal,right winger,29,1,2.8,22,30,22,72,151,109,42,100,44,276,27.5,11.5,11.5,3.018181818181818,1.0909090909090908,20
1,Amine Adli,right winger,18,3,1.9,20,26,10,49,67,58,26,46,15,137,15.9,5.0,5.0,2.3270440251572326,1.069182389937107,4
2,Kevin Agudelo,right winger,34,5,2.6,28,58,31,110,54,109,50,81,19,100,23.7,1.5,1.5,1.181434599156118,0.2953586497890295,2
3,Amar Ahmed,left winger,0,0,0.0,0,0,0,1,0,1,1,0,0,2,0.2,0.0,0.0,0.0,0.0,0
4,Ángel Alarcón,left winger,1,0,0.0,0,0,0,0,0,0,0,0,0,0,0.3,0.0,0.0,3.333333333333333,3.333333333333333,0
5,Marc Albrighton,right winger,28,1,0.4,6,6,5,7,5,2,2,4,0,18,2.6,0.3,0.3,0.7692307692307692,0.3846153846153846,1
6,Iván Alejo,right winger,108,1,1.6,21,10,24,16,22,47,12,52,2,103,14.6,1.2,1.2,1.5753424657534247,0.4109589041095891,2
7,Faride Alidou,left winger,7,0,0.3,3,8,7,16,5,10,2,8,4,24,2.0,0.1,0.1,1.0,0.0,2
8,Jim Allevinah,left winger,65,0,2.5,18,37,14,59,65,88,34,82,14,141,24.9,2.5,2.5,1.2048192771084338,0.321285140562249,1
9,Miguel Almirón,right winger,26,3,3.0,26,45,36,124,138,79,34,77,25,264,27.7,8.0,8.0,2.490974729241877,0.7220216606498195,9
10,Amath,left winger,16,1,0.6,2,13,5,16,40,34,14,33,12,69,13.6,2.7,2.7,1.6911764705882353,0.5147058823529412,7
11,Felipe Anderson,right winger,50,4,4.2,47,61,47,114,129,105,54,83,31,224,32.9,6.0,6.0,1.2462006079027357,0.6990881458966566,7
12,Jaidon Anthony,left winger,43,2,1.1,12,24,19,49,33,47,15,31,13,72,14.0,2.2,2.2,1.5714285714285714,0.9285714285714286,5
13,José Antonio,left winger,1,0,0.0,1,2,1,3,0,4,1,2,0,2,0.5,0.0,0.0,0.0,0.0,0
14,Antony,right winger,32,3,2.4,28,29,33,74,85,77,30,95,32,168,20.0,6.6,6.6,3.6,1.2,2
15,Christopher Antwi-Adjei,left winger,63,2,3.8,33,17,30,36,63,80,31,67,20,231,22.0,2.2,2.2,1.318181818181818,0.3636363636363636,15
16,Stredair Appuah,left winger,2,0,0.1,3,0,1,3,2,5,4,7,2,10,0.7,0.1,0.1,4.285714285714286,0.0,0
17,Taïryk Arconte,right winger,1,0,0.0,2,0,0,1,5,5,3,1,2,8,1.4,0.3,0.3,1.4285714285714286,0.7142857142857143,1
18,Adu Ares,left winger,8,0,0.2,3,4,3,4,3,9,5,8,1,19,0.9,0.1,0.1,3.333333333333333,0.0,0
19,Sergio Arribas,right winger,1,0,0.0,1,1,1,2,1,0,0,0,0,0,0.2,0.2,0.2,5.0,0.0,0
20,Takuma Asano,right winger,28,2,2.1,22,18,18,34,80,35,13,32,16,119,19.0,5.6,5.6,2.789473684210526,0.9473684210526316,7
21,Marco Asensio,right winger,82,5,4.2,41,60,26,70,71,33,23,56,11,108,16.0,6.3,5.5,3.625,1.5,4
22,André Ayew,left winger,1,0,0.0,1,3,1,11,8,6,1,3,2,16,3.5,1.0,0.3,0.8571428571428571,0.2857142857142857,1
23,Alex Baena,left winger,26,21,3.8,31,75,43,124,66,62,27,50,14,110,21.6,3.9,3.9,2.8703703703703702,1.0185185185185184,3
24,Jaime Báez,left winger,9,0,0.3,2,7,2,4,2,2,1,5,0,8,1.1,0.1,0.1,1.818181818181818,0.0,1
25,Leon Bailey,left winger,96,4,4.8,30,19,21,28,89,111,40,85,38,182,21.9,5.3,5.3,2.328767123287671,0.6392694063926941,9
26,Jonathan Bamba,left winger,79,9,6.4,46,93,59,146,140,99,35,111,29,345,30.9,8.2,8.2,2.2977346278317152,0.906148867313916,12
27,Lameck Banda,left winger,51,0,1.1,14,17,7,28,74,112,48,86,38,160,18.2,3.1,3.1,1.978021978021978,0.6593406593406593,11
28,Bradley Barcola,left winger,21,0,4.2,25,21,20,39,108,80,40,51,30,156,16.0,3.5,3.5,1.6875,0.8125,7
29,Kike Barja,right winger,110,2,3.6,28,13,25,35,55,89,39,61,18,185,14.6,1.2,1.2,1.1643835616438356,0.4109589041095891,7
30,Harvey Barnes,left winger,44,5,2.2,19,39,31,79,133,91,27,100,48,257,30.1,8.9,8.9,2.3920265780730894,1.1295681063122922,9
31,Ander Barrenetxea,left winger,13,1,1.1,9,14,9,27,41,63,34,36,17,72,9.8,3.0,3.0,1.8367346938775508,1.2244897959183672,0
32,Musa Barrow,left winger,103,5,3.3,43,43,29,58,46,71,24,68,19,141,21.8,3.0,3.0,2.981651376146789,0.7339449541284403,5
33,Cyrille Bayala,right winger,44,5,1.7,19,45,14,66,45,68,25,46,14,109,22.3,2.0,2.0,0.9865470852017936,0.2690582959641255,7
34,Noah Joel Sarenren Bazee,right winger,0,0,0.0,1,0,0,0,1,2,1,0,0,1,0.2,0.0,0.0,0.0,0.0,0
35,Bebé,left winger,16,0,0.1,2,2,1,1,0,8,3,5,0,10,0.7,0.1,0.1,5.714285714285714,0.0,0
36,Jérémie Bela,left winger,34,0,0.4,3,20,7,24,15,27,9,22,5,54,8.3,0.6,0.6,1.4457831325301205,0.6024096385542168,0
37,Youcef Belaïli,left winger,42,5,4.5,29,39,30,69,64,79,33,48,22,99,16.8,6.9,2.5,2.142857142857143,0.5952380952380952,6
38,Youcef Belaïli,left winger,21,1,4.5,29,39,30,69,64,79,33,48,22,99,16.8,6.9,2.5,2.142857142857143,0.5952380952380952,6
39,Karim Bellarabi,right winger,8,0,0.0,0,4,0,4,4,5,1,4,2,11,0.9,0.0,0.0,0.0,0.0,2
40,Salim Ben Seghir,left winger,0,0,0.0,0,0,0,0,0,0,0,0,0,0,0.0,0.0,0.0,0.0,0.0,0
41,Iker Benito,right winger,6,0,0.2,3,0,1,3,3,9,3,9,2,15,2.0,0.0,0.0,0.0,0.0,1
42,Saïd Benrahma,left winger,83,5,3.3,48,32,23,82,94,123,51,109,44,237,23.0,7.0,3.9,3.0,1.0,7
43,Domenico Berardi,right winger,83,6,5.9,45,38,56,114,111,50,22,57,31,213,20.7,11.4,5.1,3.6231884057971016,0.9178743961352658,8
44,Álex Berenguer,right winger,162,0,5.2,52,25,41,77,117,85,37,73,35,249,25.5,4.3,4.3,2.196078431372549,0.7450980392156863,19
45,Mitchell van Bergen,left winger,59,1,2.6,19,11,18,21,37,38,14,51,15,89,10.1,2.2,2.2,2.4752475247524752,1.0891089108910892,3
46,Veljko Birmančević,left winger,5,0,0.2,2,9,4,16,21,22,5,21,11,50,4.9,1.3,1.3,2.653061224489796,0.6122448979591836,0
47,Jeremie Boga,left winger,55,3,3.3,34,23,24,53,37,95,48,64,20,78,8.7,1.9,1.9,1.4942528735632186,0.3448275862068966,1
48,Theo Bongonda,right winger,68,2,2.4,20,20,11,39,55,98,40,74,20,105,21.5,5.2,4.4,1.9534883720930232,0.6511627906976745,6
49,Yvandro Borges Sanches,left winger,2,0,0.0,0,0,1,0,0,2,2,1,0,5,0.3,0.1,0.1,3.333333333333333,0.0,0
50,Kouamé Botué,left winger,0,0,0.1,3,6,1,4,13,5,1,4,3,16,2.5,1.2,1.2,2.8,0.0,0
51,Badredine Bouanani,right winger,47,6,2.6,22,18,18,31,35,51,27,47,16,98,9.6,1.7,1.7,2.5,1.0416666666666667,1
52,Sofiane Boufal,left winger,37,4,1.7,27,30,10,56,38,80,39,49,17,94,9.3,3.6,2.1,2.258064516129032,0.9677419354838708,2
53,Jarrod Bowen,right winger,159,6,6.0,48,39,24,72,157,118,36,102,56,213,35.9,8.9,7.8,2.033426183844011,0.584958217270195,10
54,Jayden Braaf,left winger,5,0,0.1,2,5,0,5,16,24,15,10,5,29,3.2,0.8,0.8,2.8125,0.9375,3
55,Bilal Brahimi,right winger,76,1,1.5,17,11,15,16,27,34,18,41,9,100,8.9,1.0,1.0,2.2471910112359548,0.6741573033707865,6
56,Josip Brekalo,left winger,10,0,0.9,13,17,15,31,11,18,11,20,2,48,5.5,0.7999999999999999,0.7999999999999999,1.2727272727272727,0.1818181818181818,1
57,Josip Brekalo,left winger,13,0,0.9,13,17,15,31,11,18,11,20,2,48,5.5,0.7999999999999999,0.7999999999999999,1.2727272727272727,0.1818181818181818,1
58,David Brooks,right winger,6,0,0.2,2,4,1,11,9,9,2,5,2,10,1.9,0.3,0.3,2.631578947368421,0.5263157894736842,0
59,Jacob Bruun Larsen,left winger,4,0,0.4,7,5,2,4,16,7,2,10,5,24,3.6,1.3,1.3,1.9444444444444444,0.5555555555555556,4
60,Emi Buendía,right winger,18,11,4.2,41,84,41,138,93,59,27,60,19,137,26.8,6.3,6.3,1.828358208955224,0.4104477611940298,1
61,Cristian Buonaiuto,left winger,70,1,1.7,17,31,15,39,49,47,20,35,9,89,10.9,3.3,2.5,3.853211009174312,1.0091743119266054,1
62,Delano Burgzorg,left winger,1,0,0.2,1,1,2,4,11,13,6,4,4,24,2.7,0.2,0.2,1.4814814814814814,0.7407407407407407,3
63,Jamie Bynoe-Gittens,right winger,6,2,1.0,2,9,5,9,37,55,20,24,18,38,5.9,2.4,2.4,4.067796610169491,1.8644067796610169,0
64,Daniel Caligiuri,right winger,11,0,0.3,4,10,4,16,5,11,5,7,1,8,3.2,0.4,0.4,1.875,0.625,0
65,Nicolò Cambiaghi,left winger,41,0,1.6,15,19,18,42,56,57,22,73,23,99,14.3,3.4,3.4,2.517482517482517,0.979020979020979,1
66,Matteo Cancellieri,right winger,7,0,0.3,3,1,1,2,16,9,3,15,9,33,2.8,0.4,0.4,2.142857142857143,0.3571428571428571,5
67,Sergi Canós,right winger,3,0,0.0,1,2,1,2,2,6,4,4,0,7,0.9,0.1,0.1,1.1111111111111112,0.0,0
68,José Carlos Lazo,left winger,0,0,0.1,2,0,3,4,5,6,1,2,0,13,2.0,0.3,0.3,3.0,1.0,0
69,José Carlos Lazo,left winger,4,0,0.1,2,0,3,4,5,6,1,2,0,13,2.0,0.3,0.3,3.0,1.0,0
70,Yannick Carrasco,left winger,107,4,4.1,47,35,36,84,160,124,60,146,71,264,25.7,8.0,7.2,2.568093385214008,0.8171206225680934,6
71,Samu Castillejo,right winger,87,2,2.7,30,49,21,76,49,65,23,54,11,115,15.1,2.9,2.9,2.450331125827814,0.6622516556291391,7
72,Yoann Cathline,left winger,48,1,0.7,6,14,13,29,29,63,23,46,10,106,12.1,1.5,1.5,2.1487603305785123,0.7438016528925621,1
73,Emil Ceide,left winger,6,1,0.9,8,7,9,19,39,25,8,37,23,47,5.7,0.8,0.8,1.7543859649122806,0.5263157894736842,1
74,Franco Cervi,left winger,113,1,2.9,27,49,26,69,50,51,21,45,8,113,21.0,2.3,2.3,1.0952380952380951,0.2857142857142857,2
75,Ivane Chegra,right winger,4,1,0.1,1,5,1,7,1,8,3,7,1,5,2.1,0.0,0.0,0.4761904761904761,0.0,2
76,Rayan Cherki,right winger,91,13,9.0,66,71,60,144,141,157,79,133,61,260,20.8,4.9,4.9,2.9326923076923075,1.0096153846153846,4
77,Federico Chiesa,right winger,43,1,1.7,20,25,15,34,49,45,24,46,16,88,9.5,1.5,1.5,2.736842105263158,0.3157894736842105,2
78,Samuel Chukwueze,right winger,28,9,4.4,44,35,45,85,143,175,86,133,71,261,26.0,6.5,6.5,2.3076923076923075,0.6538461538461539,11
79,Darko Churlinov,left winger,0,0,0.0,0,0,0,0,0,0,0,0,0,0,0.3,0.0,0.0,0.0,0.0,0
80,Patrick Ciurria,right winger,98,1,3.3,36,67,31,91,51,54,18,67,9,168,30.6,4.8,4.8,1.6339869281045751,0.7516339869281046,8
81,Marcus Coco,right winger,24,0,0.7,10,15,8,26,22,15,7,23,4,56,7.1,1.1,1.1,0.9859154929577464,0.1408450704225352,3
82,Diego Collado,left winger,2,0,0.0,0,0,0,1,1,0,0,0,0,3,0.1,0.0,0.0,0.0,0.0,0
83,Kingsley Coman,right winger,74,4,6.5,42,26,44,70,94,92,47,98,44,296,15.7,4.6,4.6,3.121019108280255,1.0828025477707006,5
84,Maxwel Cornet,left winger,6,0,0.1,1,3,1,5,11,5,2,9,5,26,2.7,1.3,1.3,3.333333333333333,0.7407407407407407,9
85,Jesús Corona,right winger,3,0,0.2,3,1,2,3,7,7,3,3,1,9,1.2,0.5,0.5,0.8333333333333334,0.8333333333333334,1
86,Tanguy Coulibaly,left winger,10,0,0.7,6,8,4,12,17,22,11,14,5,38,3.6,2.3,1.5,3.055555555555556,1.6666666666666663,3
87,Philippe Coutinho,left winger,19,5,0.8,8,30,8,48,24,34,14,18,5,68,8.8,1.4,1.4,2.386363636363636,0.9090909090909092,2
88,Juan Cruz,right winger,6,0,0.1,2,0,0,1,8,7,3,7,3,15,2.0,0.5,0.5,2.5,1.0,1
89,Curro,right winger,1,0,0.2,2,1,1,1,1,0,0,1,0,1,0.5,0.1,0.1,2.0,2.0,0
90,Marco D'Alessandro,right winger,13,0,0.1,3,4,0,3,10,5,1,14,5,19,3.2,0.3,0.3,1.25,0.3125,1
91,Luca D'Andrea,right winger,7,1,0.4,10,6,3,9,12,12,4,11,5,29,3.5,0.3,0.3,2.0,0.8571428571428571,1
92,Mikkel Damsgaard,left winger,29,5,1.3,11,36,10,44,27,23,9,9,1,45,11.0,2.6,2.6,1.0909090909090908,0.4545454545454545,0
93,Arnaut Danjuma,left winger,2,0,0.4,6,8,5,2,31,14,3,17,10,54,7.2,3.5,2.7,2.361111111111111,0.9722222222222224,4
94,Arnaut Danjuma,left winger,6,0,0.4,6,8,5,2,31,14,3,17,10,54,7.2,3.5,2.7,2.361111111111111,0.9722222222222224,4
95,Romain Del Castillo,right winger,101,8,4.2,36,44,36,75,45,70,28,47,12,125,15.8,6.2,2.3,1.962025316455696,0.6962025316455696,1
96,Karamoko Dembele,right winger,14,0,0.2,3,3,2,5,10,6,2,7,3,26,2.0,0.2,0.2,2.0,1.0,0
97,Ousmane Dembélé,right winger,106,13,5.0,41,21,37,74,103,114,52,124,56,209,15.7,3.9,3.9,3.121019108280255,1.019108280254777,5
98,Siriki Dembélé,left winger,3,0,0.8999999999999999,12,7,9,13,16,41,25,19,9,40,5.3,0.5,0.5,1.3207547169811322,0.7547169811320755,0
99,Siriki Dembélé,left winger,6,0,0.8999999999999999,12,7,9,13,16,41,25,19,9,40,5.3,0.5,0.5,1.3207547169811322,0.7547169811320755,0
100,Federico Di Francesco,left winger,45,7,2.2,25,29,18,60,82,49,17,50,18,177,22.6,3.3,3.3,1.725663716814159,0.7079646017699115,13
101,Ángel Di María,right winger,97,7,4.1,42,63,41,96,46,80,32,56,13,95,15.1,3.1,2.3,2.450331125827814,0.794701986754967,4
102,Moussa Diaby,left winger,95,12,7.0,58,46,52,104,139,105,51,125,55,258,30.0,11.0,10.3,2.6333333333333333,1.1333333333333333,10
103,Mamady Diarra,left winger,0,0,0.0,0,0,0,0,3,3,1,3,1,0,0.7,0.1,0.1,4.285714285714286,0.0,0
104,Stéphane Diarra,right winger,15,0,0.8,11,8,12,33,40,78,24,40,20,85,11.8,2.2,2.2,1.694915254237288,0.6779661016949152,4
105,Luis Díaz,left winger,8,0,1.3,13,25,13,49,77,65,32,39,22,116,11.1,2.5,2.5,2.4324324324324325,0.7207207207207208,3
106,Eren Dinkçi,right winger,4,0,1.2,6,1,2,6,20,14,4,5,3,24,2.6,0.4,0.4,2.3076923076923075,0.0,2
107,Sofiane Diop,left winger,44,6,2.0,24,53,20,74,39,54,23,60,13,101,14.3,3.6,3.6,2.097902097902098,0.6993006993006994,3
108,Sofiane Diop,left winger,7,0,2.0,24,53,20,74,39,54,23,60,13,101,14.3,3.6,3.6,2.097902097902098,0.6993006993006994,3
109,Moussa Djenepo,left winger,12,0,0.4,9,13,5,19,16,42,19,27,6,39,7.9,0.2,0.2,0.3797468354430379,0.2531645569620253,1
110,Ben Doak,right winger,0,0,0.0,0,0,0,1,2,4,0,1,2,4,0.3,0.0,0.0,0.0,0.0,0
111,Ritsu Doan,right winger,30,4,4.0,27,44,28,69,103,129,50,83,35,167,26.9,7.0,7.0,2.1189591078066914,1.0037174721189592,6
112,Jeremy Doku,right winger,24,2,4.0,30,27,35,71,89,159,96,101,47,156,14.3,2.7,2.7,1.818181818181818,0.8391608391608392,0
113,Jodel Dossou,right winger,10,0,0.2,3,5,1,6,9,21,8,8,2,23,2.9,0.4,0.4,2.0689655172413794,1.0344827586206895,3
114,Rémy Dugimont,left winger,0,0,0.1,3,3,1,8,4,1,0,2,0,12,1.3,0.1,0.1,3.0769230769230766,0.7692307692307692,2
115,Malcolm Ebiowei,right winger,3,0,0.0,0,0,0,2,2,5,2,2,0,9,0.4,0.0,0.0,0.0,0.0,0
116,Samuel Edozie,left winger,11,1,0.4,8,6,6,13,32,37,12,26,13,39,6.3,0.9,0.9,1.2698412698412698,0.4761904761904762,1
117,Chidera Ejuke,left winger,16,3,0.9,10,28,10,39,32,97,47,38,18,67,9.9,1.5,1.5,2.4242424242424243,0.5050505050505051,1
118,Anthony Elanga,left winger,7,0,1.0,6,3,3,8,28,15,5,12,7,28,4.7,0.7,0.7,2.127659574468085,0.851063829787234,3
119,Alberth Elis,right winger,2,1,0.3,3,2,3,4,6,11,2,8,3,19,2.9,0.5,0.5,1.3793103448275863,0.3448275862068966,1
120,Harvey Elliott,right winger,34,8,4.3,26,68,41,142,50,42,19,54,10,129,17.9,2.1,2.1,2.011173184357542,0.670391061452514,2
121,Mohamed Elyounoussi,left winger,34,7,1.7,18,32,19,50,54,47,24,56,12,98,24.1,3.5,3.5,1.4937759336099583,0.4149377593360995,3
122,Adri Embarba,right winger,127,0,2.7,32,22,12,47,43,121,50,63,14,117,16.8,3.9,3.2,2.916666666666667,1.1309523809523812,10
123,Adri Embarba,right winger,2,0,2.7,32,22,12,47,43,121,50,63,14,117,16.8,3.9,3.2,2.916666666666667,1.1309523809523812,10
124,Abdessamad Ezzalzouli,left winger,76,3,3.8,12,13,24,44,66,117,59,93,45,136,16.7,2.7,2.7,2.395209580838324,0.9580838323353292,2
125,Romain Faivre,right winger,26,4,3.2,23,50,25,91,49,108,51,91,18,82,17.1,2.9000000000000004,2.9000000000000004,1.7543859649122806,0.935672514619883,1
126,Romain Faivre,right winger,17,0,3.2,23,50,25,91,49,108,51,91,18,82,17.1,2.9000000000000004,2.9000000000000004,1.7543859649122806,0.935672514619883,1
127,Ansu Fati,left winger,9,1,2.3,16,23,19,48,128,47,23,47,31,178,15.5,9.1,9.1,3.935483870967742,1.1612903225806452,10
128,Fidel,left winger,57,7,2.5,28,89,15,139,43,76,32,53,7,90,19.0,2.3,1.5,0.6842105263157895,0.1052631578947368,9
129,Alexis Flips,right winger,139,10,6.7,44,83,45,110,54,42,12,23,3,162,22.0,3.9,3.9,2.409090909090909,0.9090909090909092,2
130,Emil Forsberg,left winger,17,3,2.6,18,47,21,67,28,29,15,20,3,77,16.5,4.9,3.3,1.2727272727272727,0.5454545454545454,7
131,Ryan Fraser,left winger,13,0,0.3,5,4,4,9,9,2,1,8,1,23,3.5,0.3,0.3,1.7142857142857142,0.2857142857142857,1
132,Chris Führich,right winger,50,2,3.5,24,43,21,83,69,106,50,93,31,142,20.9,3.6,2.9,2.057416267942584,0.6220095693779905,3
133,Cody Gakpo,left winger,17,3,1.9,23,33,11,50,76,48,23,36,12,109,16.2,6.2,6.2,2.4074074074074074,0.7407407407407408,8
134,Álvaro García,left winger,159,1,4.9,48,28,41,71,118,52,21,116,45,293,31.9,3.6,3.6,1.6300940438871474,0.658307210031348,12
135,Alejandro Garnacho,left winger,2,0,0.9,3,2,2,12,59,44,12,33,28,85,6.3,3.0,3.0,3.8095238095238098,1.4285714285714286,3
136,Bryan Gil,left winger,2,0,0.7999999999999999,10,13,12,27,27,50,21,32,4,90,11.8,3.0,3.0,1.610169491525424,0.423728813559322,4
137,Bryan Gil,left winger,29,0,0.7999999999999999,10,13,12,27,27,50,21,32,4,90,11.8,3.0,3.0,1.610169491525424,0.423728813559322,4
138,Serge Gnabry,right winger,39,4,4.8,36,49,33,82,146,64,28,74,41,217,21.6,11.2,10.4,3.75,1.851851851851852,9
139,Degnand Gnonto,left winger,42,4,2.2,22,12,19,35,43,77,21,66,17,136,15.0,1.8,1.8,1.4666666666666666,0.5333333333333333,3
140,Moi Gómez,left winger,115,1,4.8,53,170,34,184,23,40,27,37,7,67,27.3,1.6,1.6,0.6959706959706959,0.3296703296703296,1
141,Nicolás González,left winger,31,1,1.1,19,41,21,70,73,73,25,37,9,112,15.0,6.7,5.4,3.8666666666666663,1.1333333333333333,4
142,Nicolás González,left winger,31,1,1.1,19,41,21,70,73,73,25,37,9,112,15.0,6.7,5.4,3.8666666666666663,1.1333333333333333,0
143,Nicolás González,left winger,31,1,1.1,19,41,21,70,73,73,25,37,9,112,15.0,1.5,1.5,0.8974358974358975,0.1923076923076923,4
144,Nicolás González,left winger,31,1,1.1,19,41,21,70,73,73,25,37,9,112,15.0,1.5,1.5,0.8974358974358975,0.1923076923076923,0
145,Nicolás González,left winger,31,1,1.1,19,41,21,70,73,73,25,37,9,17,15.6,6.7,5.4,3.8666666666666663,1.1333333333333333,4
146,Nicolás González,left winger,31,1,1.1,19,41,21,70,73,73,25,37,9,17,15.6,6.7,5.4,3.8666666666666663,1.1333333333333333,0
147,Nicolás González,left winger,31,1,1.1,19,41,21,70,73,73,25,37,9,17,15.6,1.5,1.5,0.8974358974358975,0.1923076923076923,4
148,Nicolás González,left winger,31,1,1.1,19,41,21,70,73,73,25,37,9,17,15.6,1.5,1.5,0.8974358974358975,0.1923076923076923,0
149,Nicolás González,left winger,31,1,1.1,19,41,21,70,19,39,28,21,1,112,15.0,6.7,5.4,3.8666666666666663,1.1333333333333333,4
150,Nicolás González,left winger,31,1,1.1,19,41,21,70,19,39,28,21,1,112,15.0,6.7,5.4,3.8666666666666663,1.1333333333333333,0
151,Nicolás González,left winger,31,1,1.1,19,41,21,70,19,39,28,21,1,112,15.0,1.5,1.5,0.8974358974358975,0.1923076923076923,4
152,Nicolás González,left winger,31,1,1.1,19,41,21,70,19,39,28,21,1,112,15.0,1.5,1.5,0.8974358974358975,0.1923076923076923,0
153,Nicolás González,left winger,31,1,1.1,19,41,21,70,19,39,28,21,1,17,15.6,6.7,5.4,3.8666666666666663,1.1333333333333333,4
154,Nicolás González,left winger,31,1,1.1,19,41,21,70,19,39,28,21,1,17,15.6,6.7,5.4,3.8666666666666663,1.1333333333333333,0
155,Nicolás González,left winger,31,1,1.1,19,41,21,70,19,39,28,21,1,17,15.6,1.5,1.5,0.8974358974358975,0.1923076923076923,4
156,Nicolás González,left winger,31,1,1.1,19,41,21,70,19,39,28,21,1,17,15.6,1.5,1.5,0.8974358974358975,0.1923076923076923,0
157,Nicolás González,left winger,31,1,1.4,12,92,9,81,73,73,25,37,9,112,15.0,6.7,5.4,3.8666666666666663,1.1333333333333333,4
158,Nicolás González,left winger,31,1,1.4,12,92,9,81,73,73,25,37,9,112,15.0,6.7,5.4,3.8666666666666663,1.1333333333333333,0
159,Nicolás González,left winger,31,1,1.4,12,92,9,81,73,73,25,37,9,112,15.0,1.5,1.5,0.8974358974358975,0.1923076923076923,4
160,Nicolás González,left winger,31,1,1.4,12,92,9,81,73,73,25,37,9,112,15.0,1.5,1.5,0.8974358974358975,0.1923076923076923,0
161,Nicolás González,left winger,31,1,1.4,12,92,9,81,73,73,25,37,9,17,15.6,6.7,5.4,3.8666666666666663,1.1333333333333333,4
162,Nicolás González,left winger,31,1,1.4,12,92,9,81,73,73,25,37,9,17,15.6,6.7,5.4,3.8666666666666663,1.1333333333333333,0
163,Nicolás González,left winger,31,1,1.4,12,92,9,81,73,73,25,37,9,17,15.6,1.5,1.5,0.8974358974358975,0.1923076923076923,4
164,Nicolás González,left winger,31,1,1.4,12,92,9,81,73,73,25,37,9,17,15.6,1.5,1.5,0.8974358974358975,0.1923076923076923,0
165,Nicolás González,left winger,31,1,1.4,12,92,9,81,19,39,28,21,1,112,15.0,6.7,5.4,3.8666666666666663,1.1333333333333333,4
166,Nicolás González,left winger,31,1,1.4,12,92,9,81,19,39,28,21,1,112,15.0,6.7,5.4,3.8666666666666663,1.1333333333333333,0
167,Nicolás González,left winger,31,1,1.4,12,92,9,81,19,39,28,21,1,112,15.0,1.5,1.5,0.8974358974358975,0.1923076923076923,4
168,Nicolás González,left winger,31,1,1.4,12,92,9,81,19,39,28,21,1,112,15.0,1.5,1.5,0.8974358974358975,0.1923076923076923,0
169,Nicolás González,left winger,31,1,1.4,12,92,9,81,19,39,28,21,1,17,15.6,6.7,5.4,3.8666666666666663,1.1333333333333333,4
170,Nicolás González,left winger,31,1,1.4,12,92,9,81,19,39,28,21,1,17,15.6,6.7,5.4,3.8666666666666663,1.1333333333333333,0
171,Nicolás González,left winger,31,1,1.4,12,92,9,81,19,39,28,21,1,17,15.6,1.5,1.5,0.8974358974358975,0.1923076923076923,4
172,Nicolás González,left winger,31,1,1.4,12,92,9,81,19,39,28,21,1,17,15.6,1.5,1.5,0.8974358974358975,0.1923076923076923,0
173,Nicolás González,left winger,3,2,1.1,19,41,21,70,73,73,25,37,9,112,15.0,6.7,5.4,3.8666666666666663,1.1333333333333333,4
174,Nicolás González,left winger,3,2,1.1,19,41,21,70,73,73,25,37,9,112,15.0,6.7,5.4,3.8666666666666663,1.1333333333333333,0
175,Nicolás González,left winger,3,2,1.1,19,41,21,70,73,73,25,37,9,112,15.0,1.5,1.5,0.8974358974358975,0.1923076923076923,4
176,Nicolás González,left winger,3,2,1.1,19,41,21,70,73,73,25,37,9,112,15.0,1.5,1.5,0.8974358974358975,0.1923076923076923,0
177,Nicolás González,left winger,3,2,1.1,19,41,21,70,73,73,25,37,9,17,15.6,6.7,5.4,3.8666666666666663,1.1333333333333333,4
178,Nicolás González,left winger,3,2,1.1,19,41,21,70,73,73,25,37,9,17,15.6,6.7,5.4,3.8666666666666663,1.1333333333333333,0
179,Nicolás González,left winger,3,2,1.1,19,41,21,70,73,73,25,37,9,17,15.6,1.5,1.5,0.8974358974358975,0.1923076923076923,4
180,Nicolás González,left winger,3,2,1.1,19,41,21,70,73,73,25,37,9,17,15.6,1.5,1.5,0.8974358974358975,0.1923076923076923,0
181,Nicolás González,left winger,3,2,1.1,19,41,21,70,19,39,28,21,1,112,15.0,6.7,5.4,3.8666666666666663,1.1333333333333333,4
182,Nicolás González,left winger,3,2,1.1,19,41,21,70,19,39,28,21,1,112,15.0,6.7,5.4,3.8666666666666663,1.1333333333333333,0
183,Nicolás González,left winger,3,2,1.1,19,41,21,70,19,39,28,21,1,112,15.0,1.5,1.5,0.8974358974358975,0.1923076923076923,4
184,Nicolás González,left winger,3,2,1.1,19,41,21,70,19,39,28,21,1,112,15.0,1.5,1.5,0.8974358974358975,0.1923076923076923,0
185,Nicolás González,left winger,3,2,1.1,19,41,21,70,19,39,28,21,1,17,15.6,6.7,5.4,3.8666666666666663,1.1333333333333333,4
186,Nicolás González,left winger,3,2,1.1,19,41,21,70,19,39,28,21,1,17,15.6,6.7,5.4,3.8666666666666663,1.1333333333333333,0
187,Nicolás González,left winger,3,2,1.1,19,41,21,70,19,39,28,21,1,17,15.6,1.5,1.5,0.8974358974358975,0.1923076923076923,4
188,Nicolás González,left winger,3,2,1.1,19,41,21,70,19,39,28,21,1,17,15.6,1.5,1.5,0.8974358974358975,0.1923076923076923,0
189,Nicolás González,left winger,3,2,1.4,12,92,9,81,73,73,25,37,9,112,15.0,6.7,5.4,3.8666666666666663,1.1333333333333333,4
190,Nicolás González,left winger,3,2,1.4,12,92,9,81,73,73,25,37,9,112,15.0,6.7,5.4,3.8666666666666663,1.1333333333333333,0
191,Nicolás González,left winger,3,2,1.4,12,92,9,81,73,73,25,37,9,112,15.0,1.5,1.5,0.8974358974358975,0.1923076923076923,4
192,Nicolás González,left winger,3,2,1.4,12,92,9,81,73,73,25,37,9,112,15.0,1.5,1.5,0.8974358974358975,0.1923076923076923,0
193,Nicolás González,left winger,3,2,1.4,12,92,9,81,73,73,25,37,9,17,15.6,6.7,5.4,3.8666666666666663,1.1333333333333333,4
194,Nicolás González,left winger,3,2,1.4,12,92,9,81,73,73,25,37,9,17,15.6,6.7,5.4,3.8666666666666663,1.1333333333333333,0
195,Nicolás González,left winger,3,2,1.4,12,92,9,81,73,73,25,37,9,17,15.6,1.5,1.5,0.8974358974358975,0.1923076923076923,4
196,Nicolás González,left winger,3,2,1.4,12,92,9,81,73,73,25,37,9,17,15.6,1.5,1.5,0.8974358974358975,0.1923076923076923,0
197,Nicolás González,left winger,3,2,1.4,12,92,9,81,19,39,28,21,1,112,15.0,6.7,5.4,3.8666666666666663,1.1333333333333333,4
198,Nicolás González,left winger,3,2,1.4,12,92,9,81,19,39,28,21,1,112,15.0,6.7,5.4,3.8666666666666663,1.1333333333333333,0
199,Nicolás González,left winger,3,2,1.4,12,92,9,81,19,39,28,21,1,112,15.0,1.5,1.5,0.8974358974358975,0.1923076923076923,4
200,Nicolás González,left winger,3,2,1.4,12,92,9,81,19,39,28,21,1,112,15.0,1.5,1.5,0.8974358974358975,0.1923076923076923,0
201,Nicolás González,left winger,3,2,1.4,12,92,9,81,19,39,28,21,1,17,15.6,6.7,5.4,3.8666666666666663,1.1333333333333333,4
202,Nicolás González,left winger,3,2,1.4,12,92,9,81,19,39,28,21,1,17,15.6,6.7,5.4,3.8666666666666663,1.1333333333333333,0
203,Nicolás González,left winger,3,2,1.4,12,92,9,81,19,39,28,21,1,17,15.6,1.5,1.5,0.8974358974358975,0.1923076923076923,4
204,Nicolás González,left winger,3,2,1.4,12,92,9,81,19,39,28,21,1,17,15.6,1.5,1.5,0.8974358974358975,0.1923076923076923,0
205,Roberto González,right winger,5,0,0.2,3,2,0,2,1,2,0,1,1,1,0.6,0.0,0.0,0.0,0.0,0
206,Anthony Gordon,left winger,9,2,1.4,14,19,16,34,74,66,18,48,24,112,17.6,5.0,5.0,1.9318181818181817,1.0227272727272727,4
207,Anthony Gordon,left winger,25,1,1.4,14,19,16,34,74,66,18,48,24,112,17.6,5.0,5.0,1.9318181818181817,1.0227272727272727,4
208,Demarai Gray,left winger,173,2,3.8,37,30,18,46,104,92,33,94,48,199,27.9,6.2,4.7,2.043010752688172,0.7885304659498208,13
209,Jack Grealish,left winger,53,6,6.7,50,28,48,100,136,110,45,143,63,310,22.8,4.6,4.6,1.7982456140350878,0.6578947368421052,3
210,Vincenzo Grifo,left winger,135,5,6.2,55,82,46,128,65,74,42,65,18,124,26.8,10.3,3.9,2.164179104477612,0.9328358208955224,5
211,Brajan Gruda,right winger,1,0,0.0,1,0,1,0,1,2,0,0,0,0,0.0,0.0,0.0,0.0,0.0,0
212,Gonçalo Guedes,left winger,27,0,0.5,9,11,8,16,30,15,5,20,7,54,7.9,1.2,1.2,2.4050632911392404,0.7594936708860759,5
213,Axel Gueguin,right winger,1,0,0.0,0,0,0,0,0,0,0,0,0,6,0.3,0.0,0.0,0.0,0.0,0
214,Emmanuel Gyasi,left winger,22,1,1.7,22,16,18,52,92,39,7,35,15,154,31.2,4.0,4.0,1.08974358974359,0.4166666666666667,23
215,André Hahn,right winger,6,0,0.0,1,7,1,8,7,6,1,3,0,10,4.3,0.4,0.4,1.627906976744186,0.4651162790697674,1
216,Jack Harrison,left winger,186,4,5.1,53,57,51,103,81,118,48,103,24,255,30.1,4.7,4.7,1.2956810631229236,0.4651162790697674,3
217,Haissem Hassan,right winger,1,0,0.0,1,3,0,0,1,4,2,3,1,3,0.6,0.0,0.0,0.0,0.0,0
218,Eden Hazard,left winger,0,0,0.5,7,6,3,8,13,6,2,6,1,25,2.2,1.0,0.2,0.9090909090909092,0.0,0
219,Thorgan Hazard,left winger,37,0,0.9,11,17,7,28,18,15,3,21,5,50,5.2,1.3,1.3,1.5384615384615383,0.5769230769230769,4
220,Gauthier Hein,right winger,99,2,2.3,29,59,15,76,56,49,19,61,24,142,20.8,3.9,3.9,1.8269230769230769,0.4807692307692307,2
221,Patrick Herrmann,right winger,12,1,0.6,4,7,3,6,15,4,0,7,3,19,1.8,0.4,0.4,3.333333333333333,1.1111111111111112,0
222,Son Heung-min,left winger,113,5,4.5,61,32,32,79,106,83,33,82,31,196,32.1,10.1,10.1,2.5233644859813085,1.1838006230529594,18
223,Adam Hložek,left winger,15,1,1.3,18,21,6,32,42,22,9,22,9,70,14.3,2.7,2.7,2.097902097902098,0.7692307692307692,1
224,Jonas Hofmann,right winger,203,12,10.9,99,66,42,119,95,32,14,73,24,197,29.8,7.2,6.6,1.4765100671140938,0.7382550335570469,23
225,Gerrit Holtmann,left winger,52,1,0.8,10,5,8,8,38,41,16,37,8,83,10.5,2.4,2.4,2.857142857142857,1.3333333333333333,3
226,Franck Honorat,right winger,214,1,7.5,89,40,49,70,98,55,15,98,30,261,28.2,4.8,4.8,1.6666666666666667,0.6028368794326241,9
227,Callum Hudson-Odoi,right winger,12,1,0.9,13,18,7,31,10,28,14,30,6,44,6.7,0.2,0.2,0.5970149253731343,0.1492537313432835,2
228,Jonathan Ikone,right winger,24,2,3.5,29,24,27,67,109,90,48,83,50,178,22.3,4.1,4.1,2.286995515695067,0.4035874439461883,5
229,Rareş Ilie,left winger,1,0,0.0,2,2,0,1,5,6,5,7,1,6,1.6,0.3,0.3,2.5,0.0,1
230,Samuel Iling-Junior,left winger,12,1,0.4,5,10,7,18,10,14,5,11,3,36,3.5,0.7,0.7,1.1428571428571428,0.2857142857142857,0
231,Junya Ito,right winger,198,22,9.2,65,68,73,141,112,141,62,133,43,338,32.4,5.7,5.7,1.2962962962962965,0.5246913580246914,31
232,Andreas Ivan,left winger,0,0,0.0,0,2,0,2,0,1,0,0,0,1,0.5,0.0,0.0,2.0,0.0,0
233,Alex Iwobi,left winger,104,14,4.3,64,134,63,194,59,110,55,90,15,145,37.5,2.5,2.5,1.12,0.4,4
234,Nicolas Jackson,right winger,5,0,2.0,21,25,9,40,93,37,23,49,19,117,17.8,8.0,8.0,2.303370786516854,1.2921348314606742,13
235,Marin Jakoliš,left winger,2,0,0.2,0,1,0,3,3,2,0,2,1,2,0.3,0.1,0.1,6.666666666666667,3.333333333333333,0
236,Daniel James,right winger,6,0,0.8,8,3,11,18,35,20,6,30,11,57,9.1,2.0,2.0,1.868131868131868,0.4395604395604395,2
237,Daniel James,right winger,26,0,0.8,8,3,11,18,35,20,6,30,11,57,9.1,2.0,2.0,1.868131868131868,0.4395604395604395,2
238,Adnan Januzaj,right winger,1,0,0.0,0,0,0,1,1,8,4,0,0,6,0.5,0.0,0.0,0.0,0.0,0
239,Jesé,left winger,0,0,0.4,2,0,0,1,6,5,3,1,0,15,2.3,0.3,0.3,1.3043478260869563,0.8695652173913044,2
240,Joaquín,right winger,31,4,1.8,21,15,11,26,17,19,11,23,6,37,5.5,0.7,0.7,1.4545454545454546,0.5454545454545454,1
241,Josan,right winger,48,1,0.6,15,29,13,39,16,36,21,37,8,61,12.0,0.4,0.4,0.5,0.25,5
242,Diogo Jota,left winger,8,3,1.7,17,28,8,30,73,39,14,34,14,104,12.6,6.5,6.5,2.7777777777777777,0.873015873015873,3
243,Juanmi,left winger,0,3,0.9,4,7,3,15,38,32,12,10,4,37,10.3,3.7,3.7,1.7475728155339805,0.7766990291262136,15
244,Lago Junior,left winger,2,0,0.0,0,0,0,0,1,1,1,2,0,5,0.6,0.0,0.0,3.333333333333333,1.6666666666666667,0
245,Vinicius Júnior,left winger,64,5,8.8,64,30,45,87,260,306,112,221,140,495,31.4,10.5,10.5,2.452229299363057,1.1464968152866242,23
246,Abdoul Kader Bamba,right winger,3,0,0.0,1,2,0,3,2,1,0,1,1,12,0.9,0.1,0.1,1.1111111111111112,1.1111111111111112,1
247,Florian Kainz,left winger,251,8,8.7,70,82,57,159,45,82,33,64,8,147,26.0,6.0,3.6,1.9615384615384612,0.7307692307692307,1
248,Justin-Noël Kalumba,right winger,13,0,0.9,2,8,3,10,6,19,10,9,1,31,6.1,0.1,0.1,0.3278688524590164,0.0,0
249,Jakub Kamiński,left winger,35,4,3.9,28,30,39,78,78,66,28,47,18,171,22.9,5.0,4.8,1.7030567685589522,0.6113537117903931,3
250,Yann Karamoh,right winger,15,2,0.4,11,5,5,12,35,57,26,27,11,74,8.0,3.3,3.3,2.5,1.5,12
251,Silas Katompa,right winger,33,1,2.7,18,17,18,40,102,111,48,71,39,165,22.1,6.5,5.7,1.9004524886877827,0.7239819004524887,15
252,Neeskens Kebano,left winger,24,0,0.9,13,2,9,24,30,28,9,39,11,68,8.5,0.5,0.5,1.0588235294117647,0.2352941176470588,2
253,Justin Kluivert,left winger,64,0,2.1,23,15,21,33,65,63,30,58,22,126,16.1,6.6,5.9,2.670807453416149,0.9316770186335402,10
254,Ansgar Knauff,right winger,29,1,2.4,8,27,14,40,43,63,22,47,15,74,14.3,0.9,0.9,1.048951048951049,0.4895104895104895,2
255,Luca Koleosho,left winger,3,0,0.2,0,1,0,1,5,8,4,4,3,15,0.7,0.0,0.0,1.4285714285714286,1.4285714285714286,1
256,Soichiro Kozuki,right winger,15,0,0.4,4,3,3,10,16,16,6,15,4,37,4.2,1.1,1.1,3.333333333333333,1.4285714285714286,0
257,Takefusa Kubo,right winger,72,3,5.4,39,33,34,81,141,117,49,117,66,239,27.1,5.7,5.7,2.656826568265682,1.107011070110701,21
258,Dejan Kulusevski,right winger,62,5,4.8,47,14,38,67,107,110,50,87,48,195,23.0,2.6,2.6,1.8695652173913044,0.4347826086956521,3
259,Khvicha Kvaratskhelia,left winger,76,14,6.6,54,41,46,91,175,199,75,139,84,291,28.0,8.2,6.6,2.9642857142857144,1.0714285714285714,6
260,Érik Lamela,right winger,33,1,1.3,24,38,21,69,108,75,33,66,28,162,20.5,5.3,5.3,2.292682926829268,1.1219512195121952,8
261,Jordan Larsson,right winger,2,0,0.6,4,7,5,12,12,13,4,5,1,29,5.1,1.2,1.2,1.9607843137254903,0.0,1
262,Armand Lauriente,right winger,110,2,5.1,70,45,54,104,125,157,78,141,55,284,27.2,6.5,5.7,2.536764705882353,0.9558823529411764,8
263,Armand Lauriente,right winger,6,2,5.1,70,45,54,104,125,157,78,141,55,284,27.2,6.5,5.7,2.536764705882353,0.9558823529411764,8
264,Lázaro,left winger,9,0,0.4,12,20,5,26,38,28,15,23,3,59,8.0,4.0,4.0,3.125,1.5,3
265,Rafael Leão,left winger,71,5,6.2,49,64,59,122,144,171,77,136,64,235,26.9,10.8,10.8,3.4200743494423795,1.0780669144981414,10
266,Mehdi Léris,right winger,57,4,1.7,20,48,19,62,78,69,29,56,13,165,27.3,3.4,3.4,1.0989010989010988,0.4395604395604395,10
267,Ruan Levine,right winger,0,0,0.0,1,1,0,1,3,2,2,0,0,4,0.3,0.2,0.2,6.666666666666667,3.333333333333333,0
268,Keane Lewis-Potter,left winger,8,1,0.3,5,2,3,6,18,14,4,8,3,39,3.6,0.5,0.5,1.9444444444444444,0.5555555555555556,1
269,Dimitris Limnios,left winger,6,0,0.1,2,1,0,0,3,2,2,2,0,7,0.4,0.0,0.0,2.5,0.0,0
270,Javier Llabrés,left winger,0,0,0.0,0,0,0,0,0,0,0,0,0,0,0.2,0.0,0.0,0.0,0.0,2
271,Ademola Lookman,left winger,38,6,4.9,39,30,33,79,111,80,34,73,33,185,19.2,9.1,6.7,2.552083333333333,1.1979166666666667,11
272,Rony Lopes,right winger,109,5,4.1,50,68,29,97,57,85,45,61,13,117,26.1,4.9,4.9,2.1839080459770117,0.7662835249042145,1
273,Diego López,left winger,0,0,0.0,0,0,0,0,0,0,0,0,0,0,1.1,0.0,0.0,0.0,0.0,0
274,Diego López,left winger,0,0,0.0,0,0,0,0,0,0,0,0,0,0,1.1,0.0,0.0,0.0,0.0,1
275,Diego López,left winger,0,0,0.0,0,0,0,0,0,0,0,0,0,0,1.1,3.5,3.5,2.4,1.6,0
276,Diego López,left winger,0,0,0.0,0,0,0,0,0,0,0,0,0,0,1.1,3.5,3.5,2.4,1.6,1
277,Diego López,left winger,0,0,0.0,0,0,0,0,0,0,0,0,0,46,5.0,0.0,0.0,0.0,0.0,0
278,Diego López,left winger,0,0,0.0,0,0,0,0,0,0,0,0,0,46,5.0,0.0,0.0,0.0,0.0,1
279,Diego López,left winger,0,0,0.0,0,0,0,0,0,0,0,0,0,46,5.0,3.5,3.5,2.4,1.6,0
280,Diego López,left winger,0,0,0.0,0,0,0,0,0,0,0,0,0,46,5.0,3.5,3.5,2.4,1.6,1
281,Diego López,left winger,0,0,0.0,0,0,0,0,27,19,9,21,5,0,1.1,0.0,0.0,0.0,0.0,0
282,Diego López,left winger,0,0,0.0,0,0,0,0,27,19,9,21,5,0,1.1,0.0,0.0,0.0,0.0,1
283,Diego López,left winger,0,0,0.0,0,0,0,0,27,19,9,21,5,0,1.1,3.5,3.5,2.4,1.6,0
284,Diego López,left winger,0,0,0.0,0,0,0,0,27,19,9,21,5,0,1.1,3.5,3.5,2.4,1.6,1
285,Diego López,left winger,0,0,0.0,0,0,0,0,27,19,9,21,5,46,5.0,0.0,0.0,0.0,0.0,0
286,Diego López,left winger,0,0,0.0,0,0,0,0,27,19,9,21,5,46,5.0,0.0,0.0,0.0,0.0,1
287,Diego López,left winger,0,0,0.0,0,0,0,0,27,19,9,21,5,46,5.0,3.5,3.5,2.4,1.6,0
288,Diego López,left winger,0,0,0.0,0,0,0,0,27,19,9,21,5,46,5.0,3.5,3.5,2.4,1.6,1
289,Diego López,left winger,0,0,1.0,10,7,11,17,0,0,0,0,0,0,1.1,0.0,0.0,0.0,0.0,0
290,Diego López,left winger,0,0,1.0,10,7,11,17,0,0,0,0,0,0,1.1,0.0,0.0,0.0,0.0,1
291,Diego López,left winger,0,0,1.0,10,7,11,17,0,0,0,0,0,0,1.1,3.5,3.5,2.4,1.6,0
292,Diego López,left winger,0,0,1.0,10,7,11,17,0,0,0,0,0,0,1.1,3.5,3.5,2.4,1.6,1
293,Diego López,left winger,0,0,1.0,10,7,11,17,0,0,0,0,0,46,5.0,0.0,0.0,0.0,0.0,0
294,Diego López,left winger,0,0,1.0,10,7,11,17,0,0,0,0,0,46,5.0,0.0,0.0,0.0,0.0,1
295,Diego López,left winger,0,0,1.0,10,7,11,17,0,0,0,0,0,46,5.0,3.5,3.5,2.4,1.6,0
296,Diego López,left winger,0,0,1.0,10,7,11,17,0,0,0,0,0,46,5.0,3.5,3.5,2.4,1.6,1
297,Diego López,left winger,0,0,1.0,10,7,11,17,27,19,9,21,5,0,1.1,0.0,0.0,0.0,0.0,0
298,Diego López,left winger,0,0,1.0,10,7,11,17,27,19,9,21,5,0,1.1,0.0,0.0,0.0,0.0,1
299,Diego López,left winger,0,0,1.0,10,7,11,17,27,19,9,21,5,0,1.1,3.5,3.5,2.4,1.6,0
300,Diego López,left winger,0,0,1.0,10,7,11,17,27,19,9,21,5,0,1.1,3.5,3.5,2.4,1.6,1
301,Diego López,left winger,0,0,1.0,10,7,11,17,27,19,9,21,5,46,5.0,0.0,0.0,0.0,0.0,0
302,Diego López,left winger,0,0,1.0,10,7,11,17,27,19,9,21,5,46,5.0,0.0,0.0,0.0,0.0,1
303,Diego López,left winger,0,0,1.0,10,7,11,17,27,19,9,21,5,46,5.0,3.5,3.5,2.4,1.6,0
304,Diego López,left winger,0,0,1.0,10,7,11,17,27,19,9,21,5,46,5.0,3.5,3.5,2.4,1.6,1
305,Diego López,left winger,12,2,0.0,0,0,0,0,0,0,0,0,0,0,1.1,0.0,0.0,0.0,0.0,0
306,Diego López,left winger,12,2,0.0,0,0,0,0,0,0,0,0,0,0,1.1,0.0,0.0,0.0,0.0,1
307,Diego López,left winger,12,2,0.0,0,0,0,0,0,0,0,0,0,0,1.1,3.5,3.5,2.4,1.6,0
308,Diego López,left winger,12,2,0.0,0,0,0,0,0,0,0,0,0,0,1.1,3.5,3.5,2.4,1.6,1
309,Diego López,left winger,12,2,0.0,0,0,0,0,0,0,0,0,0,46,5.0,0.0,0.0,0.0,0.0,0
310,Diego López,left winger,12,2,0.0,0,0,0,0,0,0,0,0,0,46,5.0,0.0,0.0,0.0,0.0,1
311,Diego López,left winger,12,2,0.0,0,0,0,0,0,0,0,0,0,46,5.0,3.5,3.5,2.4,1.6,0
312,Diego López,left winger,12,2,0.0,0,0,0,0,0,0,0,0,0,46,5.0,3.5,3.5,2.4,1.6,1
313,Diego López,left winger,12,2,0.0,0,0,0,0,27,19,9,21,5,0,1.1,0.0,0.0,0.0,0.0,0
314,Diego López,left winger,12,2,0.0,0,0,0,0,27,19,9,21,5,0,1.1,0.0,0.0,0.0,0.0,1
315,Diego López,left winger,12,2,0.0,0,0,0,0,27,19,9,21,5,0,1.1,3.5,3.5,2.4,1.6,0
316,Diego López,left winger,12,2,0.0,0,0,0,0,27,19,9,21,5,0,1.1,3.5,3.5,2.4,1.6,1
317,Diego López,left winger,12,2,0.0,0,0,0,0,27,19,9,21,5,46,5.0,0.0,0.0,0.0,0.0,0
318,Diego López,left winger,12,2,0.0,0,0,0,0,27,19,9,21,5,46,5.0,0.0,0.0,0.0,0.0,1
319,Diego López,left winger,12,2,0.0,0,0,0,0,27,19,9,21,5,46,5.0,3.5,3.5,2.4,1.6,0
320,Diego López,left winger,12,2,0.0,0,0,0,0,27,19,9,21,5,46,5.0,3.5,3.5,2.4,1.6,1
321,Diego López,left winger,12,2,1.0,10,7,11,17,0,0,0,0,0,0,1.1,0.0,0.0,0.0,0.0,0
322,Diego López,left winger,12,2,1.0,10,7,11,17,0,0,0,0,0,0,1.1,0.0,0.0,0.0,0.0,1
323,Diego López,left winger,12,2,1.0,10,7,11,17,0,0,0,0,0,0,1.1,3.5,3.5,2.4,1.6,0
324,Diego López,left winger,12,2,1.0,10,7,11,17,0,0,0,0,0,0,1.1,3.5,3.5,2.4,1.6,1
325,Diego López,left winger,12,2,1.0,10,7,11,17,0,0,0,0,0,46,5.0,0.0,0.0,0.0,0.0,0
326,Diego López,left winger,12,2,1.0,10,7,11,17,0,0,0,0,0,46,5.0,0.0,0.0,0.0,0.0,1
327,Diego López,left winger,12,2,1.0,10,7,11,17,0,0,0,0,0,46,5.0,3.5,3.5,2.4,1.6,0
328,Diego López,left winger,12,2,1.0,10,7,11,17,0,0,0,0,0,46,5.0,3.5,3.5,2.4,1.6,1
329,Diego López,left winger,12,2,1.0,10,7,11,17,27,19,9,21,5,0,1.1,0.0,0.0,0.0,0.0,0
330,Diego López,left winger,12,2,1.0,10,7,11,17,27,19,9,21,5,0,1.1,0.0,0.0,0.0,0.0,1
331,Diego López,left winger,12,2,1.0,10,7,11,17,27,19,9,21,5,0,1.1,3.5,3.5,2.4,1.6,0
332,Diego López,left winger,12,2,1.0,10,7,11,17,27,19,9,21,5,0,1.1,3.5,3.5,2.4,1.6,1
333,Diego López,left winger,12,2,1.0,10,7,11,17,27,19,9,21,5,46,5.0,0.0,0.0,0.0,0.0,0
334,Diego López,left winger,12,2,1.0,10,7,11,17,27,19,9,21,5,46,5.0,0.0,0.0,0.0,0.0,1
335,Diego López,left winger,12,2,1.0,10,7,11,17,27,19,9,21,5,46,5.0,3.5,3.5,2.4,1.6,0
336,Diego López,left winger,12,2,1.0,10,7,11,17,27,19,9,21,5,46,5.0,3.5,3.5,2.4,1.6,1
337,Jamal Lowe,right winger,0,0,0.0,0,0,1,1,0,0,0,0,0,0,0.1,0.0,0.0,0.0,0.0,0
338,Hirving Lozano,right winger,73,0,3.3,30,25,40,49,77,78,38,86,22,190,17.8,5.4,4.6,2.303370786516854,0.7303370786516854,4
339,Dodi Lukebakio,right winger,65,4,4.8,29,18,26,42,103,141,67,96,48,178,26.6,8.6,4.7,2.218045112781955,0.8270676691729323,17
340,Awer Mabil,left winger,9,0,0.0,1,4,0,4,2,4,2,5,0,14,1.8,0.2,0.2,1.6666666666666663,0.5555555555555556,0
341,Darwin Machís,left winger,37,1,1.8,9,7,11,10,32,30,11,29,11,53,6.7,1.1,1.1,2.835820895522388,0.8955223880597015,2
342,Noni Madueke,right winger,19,0,0.7,13,11,13,36,62,63,33,48,26,100,7.1,0.9,0.9,1.6901408450704227,0.8450704225352114,2
343,Riyad Mahrez,right winger,96,10,5.3,52,36,37,76,110,73,25,78,45,242,21.3,5.5,4.7,1.971830985915493,0.5633802816901409,7
344,Linton Maina,right winger,87,1,4.8,35,32,25,61,99,68,22,90,37,173,24.9,4.6,4.6,1.4056224899598395,0.5220883534136547,18
345,Sadio Mané,left winger,22,3,3.6,24,17,30,43,130,53,24,59,33,164,15.8,8.9,7.2,3.354430379746835,1.2658227848101264,21
346,Myziane Maolida,left winger,4,0,0.8,3,7,6,8,11,15,10,14,3,35,3.7,0.5,0.5,1.6216216216216215,0.5405405405405405,1
347,Myziane Maolida,left winger,1,0,0.8,3,7,6,8,11,15,10,14,3,35,3.7,0.5,0.5,1.6216216216216215,0.5405405405405405,1
348,Omar Marmoush,left winger,25,0,0.0,0,0,0,0,0,0,0,0,0,0,16.4,0.0,0.0,2.9268292682926838,1.0365853658536586,13
349,Marquinhos,right winger,0,0,0.0,0,0,0,0,0,0,0,0,0,0,0.0,0.0,0.0,0.0,0.0,0
350,Marquinhos,right winger,0,0,0.0,0,0,0,0,0,0,0,0,0,0,0.0,0.0,0.0,0.0,0.0,0
351,Marquinhos,right winger,0,0,0.0,0,0,0,0,0,0,0,0,0,0,0.0,2.1,2.1,0.5960264900662252,0.1324503311258278,0
352,Marquinhos,right winger,0,0,0.0,0,0,0,0,0,0,0,0,0,0,0.0,2.1,2.1,0.5960264900662252,0.1324503311258278,0
353,Marquinhos,right winger,0,0,0.0,0,0,0,0,0,0,0,0,0,15,30.2,0.0,0.0,0.0,0.0,0
354,Marquinhos,right winger,0,0,0.0,0,0,0,0,0,0,0,0,0,15,30.2,0.0,0.0,0.0,0.0,0
355,Marquinhos,right winger,0,0,0.0,0,0,0,0,0,0,0,0,0,15,30.2,2.1,2.1,0.5960264900662252,0.1324503311258278,0
356,Marquinhos,right winger,0,0,0.0,0,0,0,0,0,0,0,0,0,15,30.2,2.1,2.1,0.5960264900662252,0.1324503311258278,0
357,Marquinhos,right winger,0,0,0.0,0,0,0,0,39,2,0,4,2,0,0.0,0.0,0.0,0.0,0.0,0
358,Marquinhos,right winger,0,0,0.0,0,0,0,0,39,2,0,4,2,0,0.0,0.0,0.0,0.0,0.0,0
359,Marquinhos,right winger,0,0,0.0,0,0,0,0,39,2,0,4,2,0,0.0,2.1,2.1,0.5960264900662252,0.1324503311258278,0
360,Marquinhos,right winger,0,0,0.0,0,0,0,0,39,2,0,4,2,0,0.0,2.1,2.1,0.5960264900662252,0.1324503311258278,0
361,Marquinhos,right winger,0,0,0.0,0,0,0,0,39,2,0,4,2,15,30.2,0.0,0.0,0.0,0.0,0
362,Marquinhos,right winger,0,0,0.0,0,0,0,0,39,2,0,4,2,15,30.2,0.0,0.0,0.0,0.0,0
363,Marquinhos,right winger,0,0,0.0,0,0,0,0,39,2,0,4,2,15,30.2,2.1,2.1,0.5960264900662252,0.1324503311258278,0
364,Marquinhos,right winger,0,0,0.0,0,0,0,0,39,2,0,4,2,15,30.2,2.1,2.1,0.5960264900662252,0.1324503311258278,0
365,Marquinhos,right winger,0,0,1.3,9,104,3,99,0,0,0,0,0,0,0.0,0.0,0.0,0.0,0.0,0
366,Marquinhos,right winger,0,0,1.3,9,104,3,99,0,0,0,0,0,0,0.0,0.0,0.0,0.0,0.0,0
367,Marquinhos,right winger,0,0,1.3,9,104,3,99,0,0,0,0,0,0,0.0,2.1,2.1,0.5960264900662252,0.1324503311258278,0
368,Marquinhos,right winger,0,0,1.3,9,104,3,99,0,0,0,0,0,0,0.0,2.1,2.1,0.5960264900662252,0.1324503311258278,0
369,Marquinhos,right winger,0,0,1.3,9,104,3,99,0,0,0,0,0,15,30.2,0.0,0.0,0.0,0.0,0
370,Marquinhos,right winger,0,0,1.3,9,104,3,99,0,0,0,0,0,15,30.2,0.0,0.0,0.0,0.0,0
371,Marquinhos,right winger,0,0,1.3,9,104,3,99,0,0,0,0,0,15,30.2,2.1,2.1,0.5960264900662252,0.1324503311258278,0
372,Marquinhos,right winger,0,0,1.3,9,104,3,99,0,0,0,0,0,15,30.2,2.1,2.1,0.5960264900662252,0.1324503311258278,0
373,Marquinhos,right winger,0,0,1.3,9,104,3,99,39,2,0,4,2,0,0.0,0.0,0.0,0.0,0.0,0
374,Marquinhos,right winger,0,0,1.3,9,104,3,99,39,2,0,4,2,0,0.0,0.0,0.0,0.0,0.0,0
375,Marquinhos,right winger,0,0,1.3,9,104,3,99,39,2,0,4,2,0,0.0,2.1,2.1,0.5960264900662252,0.1324503311258278,0
376,Marquinhos,right winger,0,0,1.3,9,104,3,99,39,2,0,4,2,0,0.0,2.1,2.1,0.5960264900662252,0.1324503311258278,0
377,Marquinhos,right winger,0,0,1.3,9,104,3,99,39,2,0,4,2,15,30.2,0.0,0.0,0.0,0.0,0
378,Marquinhos,right winger,0,0,1.3,9,104,3,99,39,2,0,4,2,15,30.2,0.0,0.0,0.0,0.0,0
379,Marquinhos,right winger,0,0,1.3,9,104,3,99,39,2,0,4,2,15,30.2,2.1,2.1,0.5960264900662252,0.1324503311258278,0
380,Marquinhos,right winger,0,0,1.3,9,104,3,99,39,2,0,4,2,15,30.2,2.1,2.1,0.5960264900662252,0.1324503311258278,0
381,Marquinhos,right winger,1,4,0.0,0,0,0,0,0,0,0,0,0,0,0.0,0.0,0.0,0.0,0.0,0
382,Marquinhos,right winger,1,4,0.0,0,0,0,0,0,0,0,0,0,0,0.0,0.0,0.0,0.0,0.0,0
383,Marquinhos,right winger,1,4,0.0,0,0,0,0,0,0,0,0,0,0,0.0,2.1,2.1,0.5960264900662252,0.1324503311258278,0
384,Marquinhos,right winger,1,4,0.0,0,0,0,0,0,0,0,0,0,0,0.0,2.1,2.1,0.5960264900662252,0.1324503311258278,0
385,Marquinhos,right winger,1,4,0.0,0,0,0,0,0,0,0,0,0,15,30.2,0.0,0.0,0.0,0.0,0
386,Marquinhos,right winger,1,4,0.0,0,0,0,0,0,0,0,0,0,15,30.2,0.0,0.0,0.0,0.0,0
387,Marquinhos,right winger,1,4,0.0,0,0,0,0,0,0,0,0,0,15,30.2,2.1,2.1,0.5960264900662252,0.1324503311258278,0
388,Marquinhos,right winger,1,4,0.0,0,0,0,0,0,0,0,0,0,15,30.2,2.1,2.1,0.5960264900662252,0.1324503311258278,0
389,Marquinhos,right winger,1,4,0.0,0,0,0,0,39,2,0,4,2,0,0.0,0.0,0.0,0.0,0.0,0
390,Marquinhos,right winger,1,4,0.0,0,0,0,0,39,2,0,4,2,0,0.0,0.0,0.0,0.0,0.0,0
391,Marquinhos,right winger,1,4,0.0,0,0,0,0,39,2,0,4,2,0,0.0,2.1,2.1,0.5960264900662252,0.1324503311258278,0
392,Marquinhos,right winger,1,4,0.0,0,0,0,0,39,2,0,4,2,0,0.0,2.1,2.1,0.5960264900662252,0.1324503311258278,0
393,Marquinhos,right winger,1,4,0.0,0,0,0,0,39,2,0,4,2,15,30.2,0.0,0.0,0.0,0.0,0
394,Marquinhos,right winger,1,4,0.0,0,0,0,0,39,2,0,4,2,15,30.2,0.0,0.0,0.0,0.0,0
395,Marquinhos,right winger,1,4,0.0,0,0,0,0,39,2,0,4,2,15,30.2,2.1,2.1,0.5960264900662252,0.1324503311258278,0
396,Marquinhos,right winger,1,4,0.0,0,0,0,0,39,2,0,4,2,15,30.2,2.1,2.1,0.5960264900662252,0.1324503311258278,0
397,Marquinhos,right winger,1,4,1.3,9,104,3,99,0,0,0,0,0,0,0.0,0.0,0.0,0.0,0.0,0
398,Marquinhos,right winger,1,4,1.3,9,104,3,99,0,0,0,0,0,0,0.0,0.0,0.0,0.0,0.0,0
399,Marquinhos,right winger,1,4,1.3,9,104,3,99,0,0,0,0,0,0,0.0,2.1,2.1,0.5960264900662252,0.1324503311258278,0
400,Marquinhos,right winger,1,4,1.3,9,104,3,99,0,0,0,0,0,0,0.0,2.1,2.1,0.5960264900662252,0.1324503311258278,0
401,Marquinhos,right winger,1,4,1.3,9,104,3,99,0,0,0,0,0,15,30.2,0.0,0.0,0.0,0.0,0
402,Marquinhos,right winger,1,4,1.3,9,104,3,99,0,0,0,0,0,15,30.2,0.0,0.0,0.0,0.0,0
403,Marquinhos,right winger,1,4,1.3,9,104,3,99,0,0,0,0,0,15,30.2,2.1,2.1,0.5960264900662252,0.1324503311258278,0
404,Marquinhos,right winger,1,4,1.3,9,104,3,99,0,0,0,0,0,15,30.2,2.1,2.1,0.5960264900662252,0.1324503311258278,0
405,Marquinhos,right winger,1,4,1.3,9,104,3,99,39,2,0,4,2,0,0.0,0.0,0.0,0.0,0.0,0
406,Marquinhos,right winger,1,4,1.3,9,104,3,99,39,2,0,4,2,0,0.0,0.0,0.0,0.0,0.0,0
407,Marquinhos,right winger,1,4,1.3,9,104,3,99,39,2,0,4,2,0,0.0,2.1,2.1,0.5960264900662252,0.1324503311258278,0
408,Marquinhos,right winger,1,4,1.3,9,104,3,99,39,2,0,4,2,0,0.0,2.1,2.1,0.5960264900662252,0.1324503311258278,0
409,Marquinhos,right winger,1,4,1.3,9,104,3,99,39,2,0,4,2,15,30.2,0.0,0.0,0.0,0.0,0
410,Marquinhos,right winger,1,4,1.3,9,104,3,99,39,2,0,4,2,15,30.2,0.0,0.0,0.0,0.0,0
411,Marquinhos,right winger,1,4,1.3,9,104,3,99,39,2,0,4,2,15,30.2,2.1,2.1,0.5960264900662252,0.1324503311258278,0
412,Marquinhos,right winger,1,4,1.3,9,104,3,99,39,2,0,4,2,15,30.2,2.1,2.1,0.5960264900662252,0.1324503311258278,0
413,Ander Martin,right winger,4,0,0.0,2,2,0,3,0,1,1,1,0,0,0.5,0.0,0.0,0.0,0.0,0
414,Gabriel Martinelli,left winger,113,8,7.0,59,33,43,94,223,132,59,124,70,350,31.0,9.3,9.3,2.548387096774193,0.967741935483871,8
415,Gelson Martins,right winger,5,0,0.4,3,8,9,14,22,13,4,15,6,47,3.8,0.8,0.8,3.1578947368421053,0.7894736842105263,2
416,Stephy Mavididi,left winger,10,1,1.0,13,11,6,22,51,74,32,34,11,91,14.3,4.3,4.3,2.5874125874125875,1.048951048951049,3
417,Bryan Mbeumo,right winger,156,7,5.6,51,37,45,88,125,88,45,66,26,235,32.3,9.8,9.0,2.1671826625387,0.9907120743034056,6
418,Jason Mbock,left winger,4,0,0.2,1,0,0,1,0,1,0,0,0,2,0.3,0.0,0.0,0.0,0.0,1
419,Nathanael Mbuku,left winger,2,0,0.0,0,2,0,4,3,2,1,5,2,6,1.1,0.1,0.1,1.818181818181818,0.0,0
420,Nathanael Mbuku,left winger,1,0,0.0,0,2,0,4,3,2,1,5,2,6,1.1,0.1,0.1,1.818181818181818,0.0,0
421,Dwight McNeil,left winger,194,3,5.4,49,45,27,69,61,108,54,76,16,128,27.8,3.5,3.5,1.6546762589928057,0.539568345323741,1
422,Farid El Melali,right winger,16,0,0.3,4,13,4,24,22,54,26,42,14,54,9.0,1.1,1.1,1.2222222222222223,0.2222222222222222,2
423,Brais Méndez,right winger,125,7,4.8,48,92,29,137,60,53,15,41,5,138,26.7,5.6,5.6,2.247191011235955,0.7865168539325843,2
424,Lionel Messi,right winger,91,58,16.2,93,223,120,300,159,184,102,114,42,220,31.5,15.5,15.5,4.095238095238095,1.746031746031746,6
425,Junior Messias,right winger,25,4,1.6,13,33,8,54,54,68,34,45,18,137,16.6,2.3,2.3,1.9277108433734935,0.6626506024096385,1
426,Alex Mighten,left winger,0,0,0.0,0,0,0,0,0,3,0,0,0,1,0.1,0.0,0.0,0.0,0.0,0
427,Pere Milla,left winger,14,2,1.5,14,53,10,65,59,44,17,23,5,83,20.5,5.4,3.0,1.6097560975609757,0.3414634146341463,13
428,Takumi Minamino,left winger,31,0,1.9,10,13,12,28,43,18,8,26,11,66,8.0,1.9,1.9,2.75,1.0,4
429,Kaoru Mitoma,left winger,41,4,4.9,41,45,28,90,177,129,58,143,85,260,25.8,8.1,8.1,2.0155038759689923,0.813953488372093,6
430,Tobias Mohr,left winger,87,1,2.0,20,24,13,28,13,7,4,20,1,39,9.3,0.6,0.6,1.2903225806451613,0.1075268817204301,0
431,Jon Morcillo,left winger,6,0,0.2,4,0,3,2,3,5,3,6,1,15,0.8,0.1,0.1,1.25,0.0,0
432,Marlos Moreno,right winger,0,0,0.0,0,0,0,1,0,1,0,0,0,0,0.1,0.0,0.0,0.0,0.0,0
433,Tete Morente,left winger,99,0,1.6,16,44,19,63,60,74,32,60,15,193,23.0,4.2,4.2,2.0,0.6086956521739131,12
434,Lucas Moura,right winger,9,1,0.4,4,3,5,13,12,11,5,4,2,15,1.7,0.5,0.5,2.3529411764705883,0.5882352941176471,0
435,Mykhailo Mudryk,left winger,25,1,1.2,10,10,10,20,28,39,13,25,7,43,7.3,1.9,1.9,1.9178082191780823,0.684931506849315,1
436,Iker Muniain,left winger,113,6,3.9,47,89,28,154,40,66,39,50,9,103,18.8,3.0,3.0,1.4893617021276595,0.3723404255319149,1
437,Jacob Murphy,right winger,53,6,3.1,19,20,26,57,75,43,14,66,29,141,13.9,3.3,3.3,2.0863309352517985,0.7194244604316546,2
438,Nathan N'Goumou,right winger,1,0,1.1,4,5,11,19,27,30,8,24,12,70,8.7,0.8,0.8,1.4942528735632186,0.4597701149425288,3
439,Nathan N'Goumou,right winger,20,0,1.1,4,5,11,19,27,30,8,24,12,70,8.7,0.8,0.8,1.4942528735632186,0.4597701149425288,3
440,Reiss Nelson,right winger,12,0,1.0,9,3,4,6,23,9,7,19,8,34,2.4,1.1,1.1,5.0,2.916666666666667,0
441,Pedro Neto,left winger,66,2,1.6,20,13,9,24,46,54,18,37,18,111,10.7,1.1,1.1,1.588785046728972,0.2803738317757009,2
442,Neymar,left winger,54,25,7.4,49,135,48,161,73,96,38,69,12,127,17.2,8.1,6.5,2.0930232558139537,1.0465116279069768,5
443,Cyril Ngonge,right winger,18,1,0.6,11,10,6,13,20,35,12,18,9,40,8.3,2.0,2.0,3.132530120481928,1.2048192771084336,5
444,Justin Njinmah,right winger,0,0,0.0,0,0,0,0,1,1,0,1,0,4,0.2,0.0,0.0,0.0,0.0,0
445,Arnaud Nordin,left winger,49,2,2.0,20,28,19,63,109,98,38,109,37,181,26.7,6.5,6.5,2.209737827715356,0.898876404494382,4
446,Riad Nouri,right winger,86,0,2.2,25,33,14,39,26,38,13,33,6,144,18.8,2.4,1.6,0.851063829787234,0.2127659574468085,7
447,Hugo Novoa,right winger,10,0,0.1,2,1,0,4,11,10,5,5,3,20,2.0,0.9,0.9,1.5,1.0,4
448,Brian Ocampo,left winger,34,0,1.7,16,13,15,22,19,45,19,40,10,81,12.4,0.5,0.5,1.0483870967741935,0.1612903225806451,2
449,Lucas Ocampos,left winger,26,0,1.3,13,16,12,37,64,61,25,33,16,113,12.9,4.5,2.1,2.093023255813953,0.4651162790697674,6
450,Wilson Odobert,left winger,34,3,1.4,23,27,13,47,52,95,33,72,25,132,19.6,2.6,2.6,1.3775510204081631,0.7142857142857142,2
451,Michael Olise,right winger,242,4,6.4,72,72,53,133,86,141,54,111,38,243,30.5,2.9,2.9,1.6721311475409837,0.4590163934426229,7
452,Mislav Oršić,left winger,0,0,0.0,0,0,0,0,0,0,0,0,0,0,0.1,0.0,0.0,0.0,0.0,1
453,Riccardo Orsolini,right winger,99,0,2.7,44,48,12,62,101,85,33,53,34,212,23.6,10.5,8.1,3.771186440677966,1.144067796610169,18
454,Dango Ouattara,right winger,30,5,4.6,41,20,40,62,148,153,59,103,51,238,31.0,8.8,8.8,2.5161290322580645,0.7096774193548387,10
455,Dango Ouattara,right winger,33,6,4.6,41,20,40,62,148,153,59,103,51,238,31.0,8.8,8.8,2.5161290322580645,0.7096774193548387,10
456,Remi Oudin,right winger,113,2,1.7,30,47,7,63,32,22,10,24,5,54,14.7,2.0,2.0,2.5850340136054424,0.8843537414965987,2
457,Adam Ounas,right winger,0,0,2.9,26,36,33,70,38,84,39,58,11,126,12.0,2.3,2.3,2.25,0.75,2
458,Adam Ounas,right winger,75,5,2.9,26,36,33,70,38,84,39,58,11,126,12.0,2.3,2.3,2.25,0.75,2
459,Mikel Oyarzabal,left winger,28,1,1.9,14,14,9,29,54,26,7,27,12,122,13.5,4.6,2.3,1.1851851851851851,0.5925925925925926,12
460,Isaac Palazón Camacho,right winger,192,6,5.9,66,84,47,127,65,112,50,49,9,181,32.9,7.7,5.3,2.765957446808511,0.668693009118541,9
461,Kevin Paredes,left winger,22,0,1.4,13,15,16,29,15,15,4,24,7,40,5.9,0.2,0.2,0.6779661016949152,0.3389830508474576,2
462,Moises Parra Gutierrez,left winger,0,0,0.0,0,0,0,0,0,0,0,0,0,0,0.1,0.0,0.0,0.0,0.0,0
463,Pedro,right winger,34,2,2.0,23,36,23,52,79,68,32,64,20,144,21.1,3.4,3.4,1.990521327014218,0.7582938388625592,5
464,Facundo Pellistri,right winger,0,0,0.0,0,1,0,1,1,3,2,1,0,2,0.7,0.0,0.0,0.0,0.0,0
465,Nicolas Pépé,right winger,42,2,3.1,28,29,19,53,90,76,34,48,26,151,16.6,8.1,5.8,2.7710843373493974,1.0240963855421683,6
466,Alberto Perea,left winger,1,0,0.0,0,0,0,2,0,6,2,0,0,2,0.5,0.0,0.0,0.0,0.0,0
467,Mathias Pereira Lage,right winger,34,1,1.3,14,25,3,30,41,26,9,20,7,98,14.0,1.4,1.4,1.5,0.6428571428571429,1
468,Carles Pérez,right winger,36,4,1.7,23,33,19,66,71,110,44,93,41,185,23.8,2.8,2.8,2.26890756302521,0.8403361344537815,9
469,Francisco Perez,right winger,8,0,0.1,0,2,3,8,3,9,5,7,3,15,1.6,0.0,0.0,0.625,0.0,3
470,Gaëtan Perrin,right winger,30,3,1.5,25,39,18,69,37,93,59,55,15,81,15.5,3.0,2.2,1.6774193548387095,0.5806451612903226,4
471,Lukas Petkov,right winger,0,0,0.1,0,3,0,2,7,4,1,1,0,2,1.6,0.0,0.0,1.25,0.0,0
472,Yeremi Pino,left winger,20,5,4.5,44,18,24,62,149,93,48,65,38,256,27.2,8.0,8.0,1.8382352941176472,0.698529411764706,18
473,Marko Pjaca,left winger,25,0,0.5,11,16,8,18,17,38,23,22,9,33,5.8,0.7,0.7,2.586206896551724,0.3448275862068966,1
474,Óscar Plano,right winger,23,5,1.4,16,56,17,73,46,33,13,30,4,95,22.6,2.8,2.8,1.327433628318584,0.4424778761061946,7
475,Gonzalo Plata,right winger,54,3,2.6,37,28,19,54,102,172,66,97,45,213,25.6,3.7,3.7,1.4453125,0.5078125,4
476,Daniel Podence,right winger,56,9,2.2,36,35,39,95,70,61,24,43,20,148,19.7,3.9,3.9,2.182741116751269,0.8629441624365483,4
477,Matteo Politano,right winger,82,2,2.4,34,34,27,72,57,55,23,81,27,138,13.0,4.1,1.7,2.3076923076923075,0.4615384615384615,1
478,Francisco Portillo,right winger,12,6,1.9,13,49,18,74,13,17,9,16,0,37,8.0,0.7,0.7,0.625,0.25,2
479,Portu,right winger,91,1,2.6,27,30,26,40,35,43,13,42,4,130,19.7,1.7,1.7,0.7614213197969544,0.2538071065989847,10
480,Manuel Pozo,right winger,1,0,0.0,1,1,0,1,0,3,1,0,0,1,0.2,0.1,0.1,5.0,0.0,0
481,Javi Puado,left winger,36,0,2.0,25,15,21,58,91,56,23,60,21,117,26.0,7.8,7.8,2.1923076923076925,0.8846153846153846,4
482,Christian Pulisic,right winger,18,1,0.4,12,14,3,23,43,44,13,35,14,76,9.1,1.7,1.7,2.087912087912088,0.6593406593406593,0
483,Ignacio Pussetto,right winger,5,0,0.1,2,2,0,1,5,3,1,2,0,17,1.7,0.2,0.2,1.1764705882352942,1.1764705882352942,0
484,Nemanja Radonjić,left winger,76,2,2.4,18,20,19,42,90,120,50,86,52,163,16.2,5.0,5.0,3.2098765432098766,1.0493827160493827,12
485,Largie Ramazani,left winger,20,3,1.8,13,22,11,30,51,68,32,59,24,94,15.6,4.2,3.4,2.5641025641025643,1.153846153846154,12
486,Raphinha,right winger,172,12,9.3,57,48,74,104,131,106,45,97,53,339,23.0,9.3,9.3,3.4347826086956523,1.0869565217391304,15
487,Elba Rashani,left winger,58,2,2.8,20,34,15,54,93,56,22,55,22,172,24.0,4.7,4.7,1.4583333333333333,0.5416666666666666,4
488,Marcus Rashford,left winger,24,2,2.8,30,38,53,88,183,138,54,85,55,245,32.0,15.4,15.4,3.375,1.53125,15
489,Rafael Ratão,left winger,52,5,3.8,30,46,33,83,72,85,38,61,16,216,20.6,5.1,5.1,1.5048543689320388,0.5339805825242718,2
490,Ante Rebić,left winger,39,4,1.9,13,12,12,29,56,31,15,17,5,92,10.9,3.5,3.5,2.477064220183486,1.1926605504587156,8
491,Nathan Redmond,left winger,1,0,0.0,0,0,0,0,0,0,0,0,0,1,0.0,0.0,0.0,0.0,0.0,0
492,Nico Ribaudo,left winger,44,3,1.2,25,44,10,57,39,53,20,40,10,92,13.9,3.7,3.7,2.3741007194244603,0.7913669064748201,3
493,Franck Ribéry,left winger,0,0,0.0,0,2,0,1,0,3,0,1,0,4,0.4,0.0,0.0,0.0,0.0,0
494,Marco Richter,right winger,82,1,2.7,20,38,26,68,44,88,36,38,8,102,20.4,3.7,3.7,2.401960784313726,0.7352941176470589,6
495,Rodrigo Riquelme,right winger,78,4,3.8,33,42,28,85,89,143,57,116,42,171,24.2,4.0,4.0,2.31404958677686,0.9090909090909092,5
496,Joel Roca,left winger,0,0,0.0,1,0,0,0,5,14,5,3,2,14,0.9,0.3,0.3,4.444444444444445,2.2222222222222223,0
497,Miguel Rodríguez,right winger,13,0,0.5,1,4,5,6,13,13,3,10,4,22,2.8,0.2,0.2,1.0714285714285714,0.7142857142857143,1
498,Rodrygo,right winger,22,2,6.2,47,63,28,81,204,169,81,146,79,268,26.4,13.7,12.9,3.674242424242424,1.1742424242424243,10
499,Luka Romero,right winger,0,0,0.1,2,2,0,4,7,10,2,4,2,21,1.7,0.9,0.9,2.9411764705882355,0.5882352941176471,0
500,Aitor Ruibal,right winger,31,1,1.1,15,51,12,62,24,67,35,38,8,70,16.2,0.8,0.8,0.925925925925926,0.3703703703703704,3
501,Alexis Saelemaekers,right winger,48,3,3.6,22,28,30,52,50,72,31,52,15,143,15.6,2.5,2.5,2.243589743589744,0.6410256410256411,2
502,Wesley Saïd,left winger,5,1,0.8,7,17,13,26,41,26,17,19,6,67,7.2,3.3,3.3,3.75,1.3888888888888888,1
503,Allan Saint-Maximin,left winger,32,4,2.8,31,23,35,69,77,99,57,93,41,111,12.4,1.6,1.6,2.258064516129032,0.8870967741935484,2
504,Samuel Sáiz,left winger,6,2,0.3,3,13,7,17,7,10,4,5,2,18,2.7,1.7,0.1,0.7407407407407407,0.3703703703703703,2
505,Bukayo Saka,right winger,172,2,5.8,75,50,66,109,237,161,61,179,84,520,35.3,11.2,9.1,2.436260623229462,0.821529745042493,9
506,Ibrahim Salah,left winger,8,0,0.4,6,6,8,14,5,18,13,13,1,27,2.5,0.3,0.3,2.4,0.8,2
507,Mohamed Salah,right winger,38,14,7.2,65,53,80,149,301,134,50,120,87,421,36.6,21.7,18.5,3.3060109289617485,1.2295081967213115,22
508,Roland Sallai,right winger,35,2,1.6,17,11,12,17,40,27,12,22,3,71,11.1,2.6,2.6,2.882882882882883,0.990990990990991,3
509,Salvi,right winger,37,1,0.8,7,7,8,13,18,9,3,27,3,51,5.4,0.8,0.8,1.6666666666666663,0.5555555555555555,2
510,Mama Samba Baldé,right winger,13,2,1.6,22,33,15,56,125,124,56,51,25,179,29.6,10.6,9.1,2.466216216216216,0.8108108108108107,22
511,Leandro Sanca,right winger,2,0,0.0,0,0,0,0,0,5,3,1,0,3,0.4,0.0,0.0,0.0,0.0,0
512,Alexis Sánchez,left winger,37,14,5.1,55,65,64,127,145,82,43,42,20,232,29.8,12.6,10.2,2.114093959731544,0.9731543624161072,28
513,Iván Sánchez,right winger,38,1,1.7,17,36,16,65,26,63,36,58,12,61,12.8,0.8,0.8,1.328125,0.546875,1
514,Jadon Sancho,left winger,17,4,4.1,43,23,40,76,106,78,33,88,45,173,18.7,4.2,4.2,1.1229946524064172,0.4812834224598931,8
515,Leroy Sané,left winger,16,9,5.1,35,58,47,134,101,136,75,77,30,198,22.3,8.5,8.5,3.497757847533632,1.3004484304932735,7
516,Sidi Sané,right winger,0,0,0.0,0,0,0,0,0,1,0,0,0,0,0.3,0.0,0.0,0.0,0.0,0
517,Nicola Sansone,left winger,20,0,0.8,8,6,4,13,29,19,4,17,7,72,8.2,2.8,2.8,2.682926829268293,0.9756097560975612,11
518,Pablo Sarabia,right winger,46,2,1.9,21,40,22,59,37,17,3,26,4,91,12.6,4.4,4.4,2.063492063492064,0.5555555555555556,5
519,Pablo Sarabia,right winger,16,5,1.9,21,40,22,59,37,17,3,26,4,91,12.6,4.4,4.4,2.063492063492064,0.5555555555555556,5
520,Kevin Schade,right winger,15,1,1.3,8,13,6,18,61,47,15,31,20,77,10.1,2.3000000000000003,2.3000000000000003,1.5841584158415842,0.495049504950495,6
521,Kevin Schade,right winger,3,0,1.3,8,13,6,18,61,47,15,31,20,77,10.1,2.3000000000000003,2.3000000000000003,1.5841584158415842,0.495049504950495,6
522,Kingsley Schindler,right winger,45,0,0.7,10,30,12,50,25,22,8,20,5,75,12.1,2.2,2.2,0.9090909090909092,0.3305785123966942,2
523,Jeffrey Schlupp,left winger,16,3,1.0,18,59,11,98,48,56,30,32,11,67,28.1,3.2,3.2,0.99644128113879,0.3202846975088967,0
524,Demba Seck,right winger,7,2,0.3,6,8,5,17,27,30,16,29,12,42,5.8,0.6,0.6,1.7241379310344829,0.5172413793103449,6
525,Stephan El Shaarawy,left winger,23,5,1.6,27,36,21,66,63,70,26,58,20,136,16.9,5.5,5.5,2.485207100591716,1.124260355029586,9
526,Caio Henrique Oliveira Silva,right winger,169,3,5.4,51,137,34,197,36,33,19,56,9,141,32.2,0.7,0.7,0.3105590062111801,0.186335403726708,1
527,Abdallah Sima,right winger,16,1,1.3,16,18,6,21,78,50,21,38,17,140,20.4,4.8,4.8,1.911764705882353,0.4901960784313726,12
528,Moses Simon,left winger,140,3,4.0,43,34,31,62,104,95,34,138,43,218,26.1,4.6,3.6,1.2260536398467432,0.3448275862068965,4
529,Luis Sinisterra,left winger,7,2,0.9,9,18,17,39,32,42,19,30,8,84,9.6,3.7,3.7,2.916666666666667,1.1458333333333337,5
530,Tim Skarke,right winger,8,0,0.9,11,7,4,13,15,13,3,7,1,36,5.5,0.7,0.7,2.727272727272727,1.0909090909090908,3
531,Tim Skarke,right winger,22,0,0.9,11,7,4,13,15,13,3,7,1,36,5.5,0.7,0.7,2.727272727272727,1.0909090909090908,3
532,Robert Skov,right winger,75,2,2.3,21,35,22,49,37,27,7,43,12,97,15.0,3.4,1.8,2.6,0.8,1
533,Augusto Solari,right winger,3,0,0.3,4,9,2,12,6,5,1,5,1,14,2.9,0.3,0.3,0.6896551724137931,0.0,0
534,Ola Solbakken,right winger,12,1,1.0,11,7,4,14,20,14,5,5,7,35,5.6,0.6,0.6,1.6071428571428572,0.1785714285714285,0
535,Manor Solomon,left winger,4,1,0.7,6,5,8,24,11,37,19,16,2,51,6.4,1.2,1.2,1.71875,1.09375,2
536,Hugo Sotelo,right winger,0,0,0.0,0,2,0,2,0,0,0,0,0,0,0.2,0.0,0.0,5.0,0.0,0
537,Riccardo Sottil,left winger,31,2,0.8,15,11,8,27,52,47,13,65,28,123,9.3,1.0,1.0,2.258064516129032,0.8602150537634408,6
538,Matìas Soulé,right winger,6,0,0.3,9,6,4,15,16,25,12,12,4,33,4.7,1.5,1.5,2.127659574468085,1.0638297872340423,0
539,Kevin Spadanuda,left winger,5,0,0.3,8,15,2,17,27,44,23,17,8,56,11.8,0.7,0.7,0.5932203389830508,0.0847457627118644,1
540,Junior Stanislas,left winger,1,0,0.2,2,3,0,4,3,0,0,0,0,5,0.7,0.0,0.0,1.4285714285714286,0.0,0
541,Calvin Stengs,right winger,3,2,0.4,1,11,2,12,6,10,6,10,1,16,2.4,0.3,0.3,1.25,0.4166666666666667,0
542,Raheem Sterling,left winger,46,6,3.2,34,26,31,59,121,93,39,81,39,186,21.0,6.2,6.2,2.0,0.7619047619047619,11
543,Gabriel Strefezza,right winger,121,0,0.0,0,0,0,0,0,0,0,0,0,0,27.1,0.0,0.0,2.5461254612546123,0.6642066420664207,0
544,Kamaldeen Sulemana,left winger,18,1,1.9,20,18,15,54,69,100,51,49,28,137,14.3,3.1,3.1,2.5874125874125875,0.6993006993006994,3
545,Kamaldeen Sulemana,left winger,10,0,1.9,20,18,15,54,69,100,51,49,28,137,14.3,3.1,3.1,2.5874125874125875,0.6993006993006994,3
546,Crysencio Summerville,right winger,14,1,1.1,16,20,12,45,70,60,24,51,19,92,15.8,2.9,2.9,1.835443037974684,0.5696202531645569,8
547,Suso,right winger,79,6,3.2,28,40,28,86,23,42,25,27,7,96,11.8,1.1,1.1,2.0338983050847457,0.7627118644067796,7
548,Dominik Szoboszlai,left winger,117,16,8.6,70,107,46,151,56,105,53,75,12,157,27.2,5.5,4.7,2.1323529411764706,1.0294117647058825,2
549,Marcus Tavernier,left winger,93,5,1.3,19,34,16,56,59,96,45,67,21,137,19.4,3.1,3.1,1.907216494845361,0.7216494845360826,4
550,Martin Terrier,left winger,13,5,2.2,26,39,15,60,85,26,9,34,9,137,14.7,5.6,5.6,3.197278911564626,1.836734693877551,6
551,Tetê,right winger,19,1,2.6,16,41,22,78,90,87,41,71,42,185,20.5,6.0,6.0,2.1951219512195124,0.6829268292682927,9
552,Tetê,right winger,45,1,2.6,16,41,22,78,90,87,41,71,42,185,20.5,6.0,6.0,2.1951219512195124,0.6829268292682927,9
553,Florian Thauvin,right winger,37,3,1.3,10,9,10,24,19,33,10,19,5,49,6.1,0.7,0.7,1.639344262295082,0.4918032786885246,1
554,Jan Thielmann,right winger,37,0,2.1,10,10,11,19,31,35,19,27,9,66,9.7,1.1,1.1,1.3402061855670104,0.7216494845360826,9
555,Sada Thioub,right winger,37,2,1.9,15,46,19,57,21,35,16,23,5,78,11.8,1.4,1.4,0.7627118644067796,0.0847457627118644,0
556,Karl Toko Ekambi,left winger,6,0,4.0,38,39,23,57,136,72,38,88,40,275,25.8,8.0,8.0,2.441860465116279,1.007751937984496,10
557,Karl Toko Ekambi,left winger,25,5,4.0,38,39,23,57,136,72,38,88,40,275,25.8,8.0,8.0,2.441860465116279,1.007751937984496,10
558,Ferrán Torres,left winger,60,1,4.2,25,13,29,44,87,68,30,43,23,180,15.5,4.9,4.1,2.3870967741935485,0.7096774193548387,8
559,Adama Traoré,right winger,81,3,3.2,24,17,22,36,56,104,49,85,25,156,16.6,1.4,1.4,1.1445783132530118,0.4216867469879518,7
560,Bertrand Traoré,right winger,5,0,0.1,1,1,5,9,13,4,1,9,5,28,2.6,0.7,0.7,3.461538461538461,1.1538461538461535,3
561,Leandro Trossard,left winger,55,6,6.0,45,62,55,124,133,66,29,76,34,220,24.9,6.2,6.2,2.208835341365462,0.8835341365461847,4
562,Leandro Trossard,left winger,35,9,6.0,45,62,55,124,133,66,29,76,34,220,24.9,6.2,6.2,2.208835341365462,0.8835341365461847,4
563,Viktor Tsyhankov,right winger,55,1,3.0,36,21,16,46,49,31,17,63,19,120,16.5,2.8,2.8,1.1515151515151516,0.5454545454545454,2
564,Cengiz Ünder,right winger,157,9,7.4,55,71,50,115,130,96,39,69,30,262,27.7,8.3,7.5,2.527075812274368,0.8303249097472925,8
565,Oscar Ureña,right winger,4,0,0.0,0,1,0,1,4,5,4,1,1,10,1.1,0.2,0.2,0.9090909090909092,0.9090909090909092,0
566,Ruben Vargas,left winger,48,2,1.9,16,26,16,42,33,47,21,32,3,68,12.6,1.2,1.2,1.6666666666666667,0.4761904761904762,3
567,Lucas Vázquez,right winger,41,2,3.1,21,28,30,50,46,25,14,31,16,145,12.7,1.9,1.9,1.1023622047244095,0.5511811023622047,3
568,Daniele Verde,right winger,68,1,2.4,18,28,17,42,30,17,6,18,8,57,11.1,2.9,2.1,2.882882882882883,0.9009009009009008,3
569,Emanuel Vignato,right winger,2,0,0.8,4,13,2,16,5,3,1,4,1,9,3.3,0.3,0.3,0.9090909090909092,0.606060606060606,0
570,Emanuel Vignato,right winger,2,0,0.8,4,13,2,16,5,3,1,4,1,9,3.3,0.3,0.3,0.9090909090909092,0.606060606060606,0
571,Toni Villa,left winger,5,0,1.3,15,23,8,42,45,76,25,39,20,96,10.9,1.0,1.0,1.5596330275229358,0.2752293577981651,8
572,Toni Villa,left winger,27,0,1.3,15,23,8,42,45,76,25,39,20,96,10.9,1.0,1.0,1.5596330275229358,0.2752293577981651,8
573,Alan Virginius,left winger,2,0,0.2,1,6,3,10,23,7,0,12,8,32,2.9,3.1,3.1,4.137931034482759,1.7241379310344829,2
574,Lukáš Vorlický,left winger,1,0,0.0,0,1,1,3,2,7,4,2,2,3,0.3,0.0,0.0,3.333333333333333,3.333333333333333,0
575,Theo Walcott,right winger,21,1,1.7,15,7,7,14,44,24,12,21,10,62,12.5,2.2,2.2,1.6,0.56,15
576,Noah Weißhaupt,left winger,15,1,0.8,8,9,6,14,8,16,7,14,4,31,4.7,0.2,0.2,0.425531914893617,0.2127659574468085,1
577,Nico Williams,right winger,174,4,4.1,46,24,36,80,148,200,83,174,64,321,29.5,4.9,4.9,2.067796610169492,0.6779661016949152,14
578,Willian,left winger,60,4,3.1,51,41,30,113,78,71,37,97,29,152,23.6,3.4,3.4,1.7372881355932202,0.7203389830508474,4
579,Harry Wilson,right winger,22,1,1.0,12,20,13,37,37,33,12,18,8,87,12.2,2.0,2.0,1.475409836065574,0.3278688524590164,2
580,Patrick Wimmer,right winger,66,4,5.6,37,23,30,64,67,66,26,42,13,133,18.3,4.4,4.4,1.6939890710382512,0.7650273224043715,7
581,Yoane Wissa,left winger,12,4,1.0,13,21,8,27,62,44,20,24,11,104,17.8,5.6,5.6,1.797752808988764,0.8426966292134831,19
582,Marius Wolf,right winger,61,4,3.2,22,60,29,91,50,62,34,60,13,151,17.4,1.2,1.2,1.3218390804597702,0.3448275862068966,3
583,Lamine Yamal,right winger,1,1,0.3,0,0,2,2,1,2,0,0,0,2,0.1,0.4,0.4,10.0,10.0,0
584,Wilfried Zaha,left winger,39,3,3.0,26,18,41,75,143,137,55,86,59,238,25.4,6.5,4.8,2.5196850393700787,0.8267716535433072,14
585,Nicola Zalewski,left winger,76,2,1.9,12,58,24,85,33,71,29,92,21,99,24.4,1.3,1.3,1.1885245901639343,0.3688524590163934,1
586,Luca Zanimacchia,right winger,46,0,1.0,14,12,12,26,33,14,5,22,8,70,8.3,1.2,1.2,2.289156626506024,0.4819277108433734,2
587,Arber Zeneli,left winger,50,4,2.3,22,24,19,51,56,60,17,45,29,118,11.1,2.1,2.1,2.7927927927927927,0.5405405405405406,3
588,Alessio Zerbin,left winger,1,0,0.1,0,3,1,6,9,5,2,5,3,20,2.2,0.3,0.3,2.2727272727272725,1.3636363636363635,1
589,Edon Zhegrova,right winger,73,2,5.3,30,23,33,52,79,111,53,74,35,194,11.7,3.6,3.6,3.58974358974359,1.1965811965811963,2
